kind,slug,name,location,setCount,needs,imageUrl,website,instagram,youtube,soundcloud,twitter,Genre,Short Bio
dj,mau-p,Mau P,"Amsterdam, Netherlands",46,,https://cdn-images.dzcdn.net/images/artist/0f40555bc579fc175b726c518dc15766/250x250-000000-80-0-0.jpg,https://maupmusic.com/,https://instagram.com/maupmusic,https://www.youtube.com/@maupmusic,https://soundcloud.com/realmaup,https://twitter.com/realmaup,Tech House / House,"Dutch DJ and producer whose punchy, techno-leaning house records have made him a major contemporary club and festival act."
dj,vini-vici,Vini Vici,"Afula, Israel",30,,https://cdn-images.dzcdn.net/images/artist/6f2c6e7665fe19b2528c9e872d62b90c/250x250-000000-80-0-0.jpg,https://djmag.com/top100djs/2025/32/vini-vici,https://www.instagram.com/vinivicimusic/,https://www.youtube.com/@ViniViciMusic,https://soundcloud.com/vinivicimusic,https://x.com/vinivicimusic,Trance / Psytrance,Israeli duo known for combining psychedelic trance with festival-scale electronic production and global vocal influences.
dj,westend,Westend,"New York, US",23,instagram|twitter,https://cdn-images.dzcdn.net/images/artist/2dca775e3058fd3a2009f2f45c0c8643/250x250-000000-80-0-0.jpg,https://www.itsthewestend.com/,,https://www.youtube.com/@itsthewestend,https://soundcloud.com/itsthewestend,,Tech House / House,"Westend is a New York, US-based DJ, producer or electronic artist whose work centers on tech house / house, with a focus on club-ready releases and live sets."
dj,layton-giordani,Layton Giordani,"New York, US",18,instagram|twitter,https://cdn-images.dzcdn.net/images/artist/3af64463f444ac08340cf0ab6ae2eb35/250x250-000000-80-0-0.jpg,https://www.laytongiordanimusic.com/,,https://www.youtube.com/@LaytonGiordani,https://soundcloud.com/laytongiordani,,Tech House / House,"New York producer and DJ associated with modern techno and tech-house, with releases and performances across major global stages."
dj,cloonee,Cloonee,"London, UK",17,instagram|twitter,https://cdn-images.dzcdn.net/images/artist/2f4004a1404096a89f788c75a0975f97/250x250-000000-80-0-0.jpg,https://www.cloonee.com/,,https://www.youtube.com/@cloonee,https://soundcloud.com/cloonee,,Tech House / House,"Cloonee is a London, UK-based DJ, producer or electronic artist whose work centers on tech house / house, with a focus on club-ready releases and live sets."
dj,hannah-laing,Hannah Laing,"Dundee, UK",17,instagram|twitter,https://cdn-images.dzcdn.net/images/artist/cdb935c090651b83a04bac45d5f4aa91/250x250-000000-80-0-0.jpg,https://linktr.ee/hannahlaingdj,,https://www.youtube.com/@HannahLaingDJ,https://soundcloud.com/hannahlaingdj,,Techno / Hard Techno,"Dundee DJ and producer known for high-energy sets that connect hard house, trance and driving techno."
dj,biscits,BISCITS,"Southampton, UK",16,,https://cdn-images.dzcdn.net/images/artist/892b3f599405fae8fe0f5343193d670e/250x250-000000-80-0-0.jpg,https://biscits.com/,https://www.instagram.com/itsbiscits/,https://www.youtube.com/@Biscits,https://soundcloud.com/biscits,https://x.com/BiscitsMusic,Tech House / House,"BISCITS is a Southampton, UK-based DJ, producer or electronic artist whose work centers on tech house / house, with a focus on club-ready releases and live sets."
dj,joseph-capriati,Joseph Capriati,"Caserta, Italy",14,website|instagram|twitter,https://cdn-images.dzcdn.net/images/artist/f3f673823ccb5c53b75debe36d350307/250x250-000000-80-0-0.jpg,,,https://www.youtube.com/@principello1212M,https://soundcloud.com/joseph-capriati,,Tech House / House,"Joseph Capriati is a Caserta, Italy-based DJ, producer or electronic artist whose work centers on tech house / house, with a focus on club-ready releases and live sets."
dj,pls-ty,PLS&TY,"Los Angeles, US",14,,https://cdn-images.dzcdn.net/images/artist/ce64973eb985337a4800642f340ca955/250x250-000000-80-0-0.jpg,https://plsandty.com/,https://instagram.com/plsandty,https://www.youtube.com/channel/UCf3yYxT39G28LocXpUCtG9g,https://soundcloud.com/pls-ty,https://twitter.com/plsandtybased,House / Dance Pop,"PLS&TY is a Los Angeles, US-based DJ, producer or electronic artist whose work centers on house / dance pop, with a focus on club-ready releases and live sets."
dj,castion,Castion,"Tenerife, Spain",13,website,https://cdn-images.dzcdn.net/images/artist/190a0a5fc5c3b05e77765085d3062b6c/250x250-000000-80-0-0.jpg,,https://instagram.com/castionmusic,https://www.youtube.com/@Castion,https://soundcloud.com/castion,https://x.com/CastionMusic,Trance / Psytrance,"Castion is a Tenerife, Spain-based DJ, producer or electronic artist whose work centers on trance / psytrance, with a focus on club-ready releases and live sets."
dj,paco-osuna,PACO OSUNA,"Barcelona, Spain",13,instagram|twitter,https://cdn-images.dzcdn.net/images/artist/749a5f884c1d253f830ad777a7c173bf/250x250-000000-80-0-0.jpg,http://pacoosuna.com/,,https://www.youtube.com/@Paco_Osuna,https://soundcloud.com/paco-osuna,,Tech House / House,"PACO OSUNA is a Barcelona, Spain-based DJ, producer or electronic artist whose work centers on tech house / house, with a focus on club-ready releases and live sets."
dj,lucas,Lucas,"Maastricht, Netherlands",10,instagram|twitter,https://cdn-images.dzcdn.net/images/artist/dfc010a40b035fd85f4089fccb25a5cc/250x250-000000-80-0-0.jpg,https://www.lucasandsteve.com/,,https://www.youtube.com/@lucasandsteve,https://soundcloud.com/lucasandsteve,,Trance / Psytrance,"Lucas is a Maastricht, Netherlands-based DJ, producer or electronic artist whose work centers on trance / psytrance, with a focus on club-ready releases and live sets."
dj,gorgon-city,Gorgon City,"London, UK",8,instagram|twitter,https://cdn-images.dzcdn.net/images/artist/5598b7523e131bb9aaca8243d447a27f/250x250-000000-80-0-0.jpg,http://gorgoncity.com/,,https://www.youtube.com/@GorgonCity,https://soundcloud.com/gorgon-city,,House / Dance Pop,"Gorgon City is a London, UK-based DJ, producer or electronic artist whose work centers on house / dance pop, with a focus on club-ready releases and live sets."
dj,innellea,Innellea,"Munich, Germany",7,instagram|twitter,https://cdn-images.dzcdn.net/images/artist/77cd3c3e154fa274d11147d856e76095/250x250-000000-80-0-0.jpg,https://www.innellea.com/,,https://www.youtube.com/@Innellea,https://soundcloud.com/innellea,,Techno / Hard Techno,"Innellea is a Munich, Germany-based DJ, producer or electronic artist whose work centers on techno / hard techno, with a focus on club-ready releases and live sets."
dj,crusy,Crusy,"Madrid, Spain",6,website|twitter,https://cdn-images.dzcdn.net/images/artist/ccf9697a5ba5ad75bd082674dfee85a5/250x250-000000-80-0-0.jpg,,https://www.instagram.com/crusyofficial,https://www.youtube.com/@Crusy,https://soundcloud.com/crusyofficial,,Tech House / House,"Crusy is a Madrid, Spain-based DJ, producer or electronic artist whose work centers on tech house / house, with a focus on club-ready releases and live sets."
dj,jazzy,Jazzy,"Dublin, Ireland",6,instagram|twitter,https://cdn-images.dzcdn.net/images/artist/d6292100f52d0232b8b8836539da02af/250x250-000000-80-0-0.jpg,https://www.jazzy.ie/,,https://www.youtube.com/@JazzyOfficial,https://soundcloud.com/jazzydublin,,UK Garage / UK Bass,"Jazzy is a Dublin, Ireland-based DJ, producer or electronic artist whose work centers on uk garage / uk bass, with a focus on club-ready releases and live sets."
dj,liquid-stranger,Liquid Stranger,Sweden,6,,https://cdn-images.dzcdn.net/images/artist/65e5dd6b7eb4a161d4cbb3353c3a30b0/250x250-000000-80-0-0.jpg,https://liquidstranger.com/,https://instagram.com/liquidstranger,https://music.youtube.com/channel/UClAq9y97qC8hIcqlmaeOnXg,https://soundcloud.com/liquidstranger,https://twitter.com/liquidstranger,Drum & Bass,"Swedish electronic producer and WAKAAN founder known for experimental bass, dubstep and genre-crossing low-end music."
dj,mason-collective,Mason Collective,"Manchester, UK",6,instagram|twitter,https://cdn-images.dzcdn.net/images/artist/42a95684e854e0d34750be163eb34ae5/250x250-000000-80-0-0.jpg,http://masoncollective.co.uk/,,https://www.youtube.com/@masoncollective5299,https://soundcloud.com/masoncollective,,Tech House / House,"Mason Collective is a Manchester, UK-based DJ, producer or electronic artist whose work centers on tech house / house, with a focus on club-ready releases and live sets."
dj,agents-of-time,Agents Of Time,"Bari, Italy",5,twitter,https://cdn-images.dzcdn.net/images/artist/0334b3c65ba31b1e01491589309346be/250x250-000000-80-0-0.jpg,https://agentsoftime.com/,https://instagram.com/agentsoftime,https://www.youtube.com/@AgentsOfTime,https://soundcloud.com/agents-of-time,,Melodic House & Techno,"Agents Of Time is a Bari, Italy-based DJ, producer or electronic artist whose work centers on melodic house & techno, with a focus on club-ready releases and live sets."
dj,dj-sredna,DJ Sredna,,5,website|twitter,https://img.hearthis.at/0/3/4/_/uploads/229446/image_user/w1000_h1000_q70_ptrue_v2_----cropped_1540898865430.jpg,,https://www.instagram.com/dj_sredna,https://www.youtube.com/channel/UCvNjJsRsBs9ujBQuUA9rVPQ,https://soundcloud.com/djsredna,,House / Club,"DJ Sredna is a DJ, producer or electronic artist whose work centers on house / club, with a focus on club-ready releases and live sets."
dj,eli-brown,Eli Brown,"Bristol, UK",5,twitter,https://cdn-images.dzcdn.net/images/artist/97ebf1084bb11f8febd76a2b5e926eee/250x250-000000-80-0-0.jpg,https://elibrownbeats.com/,https://instagram.com/elibrownbeats,https://www.youtube.com/@elibrownbeats,https://soundcloud.com/elibrownbeats,,Tech House / House,"Eli Brown is a Bristol, UK-based DJ, producer or electronic artist whose work centers on tech house / house, with a focus on club-ready releases and live sets."
dj,laidback-luke,Laidback Luke,"Manila, Philippines",5,,https://cdn-images.dzcdn.net/images/artist/a68fa97b49f3a679c2153255e8ffe8c9/250x250-000000-80-0-0.jpg,https://www.laidbackluke.com/,https://www.instagram.com/laidbackluke,https://www.youtube.com/channel/UC1vdi4J54ucetZoFAfQenMg,https://soundcloud.com/laidbackluke,https://twitter.com/laidbackluke,House / Dance Pop,"Laidback Luke is a Manila, Philippines-based DJ, producer or electronic artist whose work centers on house / dance pop, with a focus on club-ready releases and live sets."
dj,loofy,LOOFY,United States,5,instagram|youtube|twitter,https://cdn-images.dzcdn.net/images/artist/8b6acb010dd58497f9cc594fbdf46dc2/250x250-000000-80-0-0.jpg,https://ra.co/dj/loofy,,,https://soundcloud.com/loofy-644934783,,Tech House / House,"LOOFY is a United States-based DJ, producer or electronic artist whose work centers on tech house / house, with a focus on club-ready releases and live sets."
dj,third-party,Third Party,"London, UK",5,,https://cdn-images.dzcdn.net/images/artist/8c2bc22d317f251efbfd2379d1564349/250x250-000000-80-0-0.jpg,https://www.thirdpartypresents.com/,https://instagram.com/thirdpartylive,https://www.youtube.com/@thirdpartychannel,https://soundcloud.com/thirdpartymusic,https://twitter.com/thirdpartylive,Trance / Psytrance,"Third Party is a London, UK-based DJ, producer or electronic artist whose work centers on trance / psytrance, with a focus on club-ready releases and live sets."
dj,wax-motif,Wax Motif,"Los Angeles, US",5,,https://cdn-images.dzcdn.net/images/artist/6807e7032eaa1e291b1973c2c423f2bd/250x250-000000-80-0-0.jpg,https://www.waxmotif.com/,https://www.instagram.com/waxmotif/,https://www.youtube.com/@WaxMotif,https://soundcloud.com/waxmotif,https://twitter.com/waxmotif,Tech House / House,"Wax Motif is a Los Angeles, US-based DJ, producer or electronic artist whose work centers on tech house / house, with a focus on club-ready releases and live sets."
dj,fantasm,Fantasm,"Los Angeles, USA and based in Lyon, France",4,twitter,https://cdn-images.dzcdn.net/images/artist/b20e5ff207a74921a017cee6956057d9/250x250-000000-80-0-0.jpg,https://djmag.com/top100djs/2025/93/fantasm,https://www.instagram.com/fantasm_techno/,https://www.youtube.com/@fantasm_techno,https://soundcloud.com/kenzo-meservey,,Techno / Hard Techno,"Fantasm is a Los Angeles, USA and based in Lyon, France-based DJ, producer or electronic artist whose work centers on techno / hard techno, with a focus on club-ready releases and live sets."
dj,i-hate-models,I Hate Models,France,4,instagram|twitter,https://cdn-images.dzcdn.net/images/artist/7d0aa499f17559d34daf84762232b400/250x250-000000-80-0-0.jpg,https://djmag.com/top100djs/2025/79/i-hate-models,,https://www.youtube.com/@ihatemodels,https://soundcloud.com/ihatemodels,,Techno / Hard Techno,"I Hate Models is a France-based DJ, producer or electronic artist whose work centers on techno / hard techno, with a focus on club-ready releases and live sets."
dj,kyle-starkey,Kyle Starkey,"Liverpool, UK",4,instagram|twitter,https://cdn-images.dzcdn.net/images/artist/0a1fec985091fae9b0e7077f95865c74/250x250-000000-80-0-0.jpg,https://ra.co/dj/kylestarkey,,https://www.youtube.com/@kylestarkey4319,https://soundcloud.com/kyle_starkey43,,House / Club,"Kyle Starkey is a Liverpool, UK-based DJ, producer or electronic artist whose work centers on house / club, with a focus on club-ready releases and live sets."
dj,noizu,Noizu,"Los Angeles, US",4,,https://cdn-images.dzcdn.net/images/artist/1129a6acbcb761540648a895178014b7/250x250-000000-80-0-0.jpg,https://noizusound.com/,https://www.instagram.com/noizusound,https://www.youtube.com/@NoizuSound,https://soundcloud.com/noizusound,https://twitter.com/noizu,Electronic / Club,"Noizu is a Los Angeles, US-based DJ, producer or electronic artist whose work centers on electronic / club, with a focus on club-ready releases and live sets."
dj,rossi,Rossi.,"London, UK",4,instagram|soundcloud|twitter,https://cdn-images.dzcdn.net/images/artist/ae28f7a1f663122812957fc3691f9a33/250x250-000000-80-0-0.jpg,https://linktr.ee/rossi.dj,,https://www.youtube.com/@rossi4524,,,Disco / Funk / House,"Rossi. is a London, UK-based DJ, producer or electronic artist whose work centers on disco / funk / house, with a focus on club-ready releases and live sets."
dj,the-shapeshifters,The Shapeshifters,"London, UK",4,website|instagram|twitter,https://cdn-images.dzcdn.net/images/artist/a2854211258dadd367c014cfedaedc8b/250x250-000000-80-0-0.jpg,,,https://www.youtube.com/@TheShapeshifters,https://soundcloud.com/theshapeshifters,,Disco / Funk / House,"The Shapeshifters is a London, UK-based DJ, producer or electronic artist whose work centers on disco / funk / house, with a focus on club-ready releases and live sets."
dj,tripolism,Tripolism,"Copenhagen, Denmark",4,website|instagram|twitter,https://cdn-images.dzcdn.net/images/artist/315cb4e3c513169743a0771cb447e6b6/250x250-000000-80-0-0.jpg,,,https://www.youtube.com/@tripolism,https://soundcloud.com/tripolism,,Electronic / Club,"Tripolism is a Copenhagen, Denmark-based DJ, producer or electronic artist whose work centers on electronic / club, with a focus on club-ready releases and live sets."
dj,yotto-s-odd-world,Yotto's Odd World,"Helsinki, Finland",4,,https://i1.sndcdn.com/avatars-6320TVCCiJ3v8rRx-iz2Kdg-t500x500.jpg,https://oddoneoutlabel.com/,https://instagram.com/yottomusic,https://www.youtube.com/@Yottomusic,https://soundcloud.com/yotto,https://twitter.com/yottomusic,Melodic House & Techno,"Yotto-led project presenting melodic house, progressive music and the broader Odd One Out label sound."
dj,axwell,Axwell,"Lund, Sweden",3,,https://cdn-images.dzcdn.net/images/artist/10969e2c188125c32613134d123b8920/250x250-000000-80-0-0.jpg,https://axwell.com/,http://instagram.com/axwell,https://www.youtube.com/@axwell,https://soundcloud.com/axwell,http://twitter.com/axwell,Trance / Psytrance,"Axwell is a Lund, Sweden-based DJ, producer or electronic artist whose work centers on trance / psytrance, with a focus on club-ready releases and live sets."
dj,ben-sterling,Ben Sterling,"London, UK",3,website|twitter,https://cdn-images.dzcdn.net/images/artist/27726e8a087f946c9bbd840498b87a05/250x250-000000-80-0-0.jpg,,https://instagram.com/bensterlingmusic,https://www.youtube.com/@bensterlinguk,https://soundcloud.com/bensterling,,Tech House / House,"Ben Sterling is a London, UK-based DJ, producer or electronic artist whose work centers on tech house / house, with a focus on club-ready releases and live sets."
dj,dimitri-vegas,Dimitri Vegas,"Willebroek, Belgium",3,website|instagram|twitter,https://cdn-images.dzcdn.net/images/artist/bc27fdffb6c00bc280e0500b5171a9e3/250x250-000000-80-0-0.jpg,,,https://www.youtube.com/@dimitrivegasandlikemike,https://soundcloud.com/dimitrivegasandlikemike,,House / Dance Pop,"Dimitri Vegas is a Willebroek, Belgium-based DJ, producer or electronic artist whose work centers on house / dance pop, with a focus on club-ready releases and live sets."
dj,jonas-blue,Jonas Blue,"London, UK",3,website|instagram|twitter,https://cdn-images.dzcdn.net/images/artist/49f84318807cd6e2ba0acf4986f66ea6/250x250-000000-80-0-0.jpg,,,https://www.youtube.com/@jonasblueofficial,https://soundcloud.com/jonasblue,,House / Dance Pop,"Jonas Blue is a London, UK-based DJ, producer or electronic artist whose work centers on house / dance pop, with a focus on club-ready releases and live sets."
dj,malive,Malive,Brazil,3,instagram|twitter,https://cdn-images.dzcdn.net/images/artist/6311a0d1a2b7c58d3ed9706c06f111cf/250x250-000000-80-0-0.jpg,https://ra.co/dj/malive,,https://www.youtube.com/@malive,https://soundcloud.com/maliveofficial,,Tech House / House,"Malive is a Brazil-based DJ, producer or electronic artist whose work centers on tech house / house, with a focus on club-ready releases and live sets."
dj,marnik,Marnik,"Milan, Italy",3,instagram|twitter,https://cdn-images.dzcdn.net/images/artist/05dbae4e288e0f459e522053c991e3f4/250x250-000000-80-0-0.jpg,https://djmag.com/top100djs/2025/80/marnik,,https://www.youtube.com/@marnikofficial,https://soundcloud.com/marnikofficial,,Electronic / Club,"Marnik is a Milan, Italy-based DJ, producer or electronic artist whose work centers on electronic / club, with a focus on club-ready releases and live sets."
dj,massano,Massano,"Liverpool, UK",3,twitter,https://cdn-images.dzcdn.net/images/artist/06a41e2ec0c3a373af5db2b85763f00e/250x250-000000-80-0-0.jpg,https://www.massanomusic.com/,https://instagram.com/massanomusic,https://www.youtube.com/@massanomusic,https://soundcloud.com/massanomusic,,Melodic House & Techno,"Massano is a Liverpool, UK-based DJ, producer or electronic artist whose work centers on melodic house & techno, with a focus on club-ready releases and live sets."
dj,notion,Notion,"Bristol, UK",3,website|instagram|twitter,https://cdn-images.dzcdn.net/images/artist/b97254a25ef466a83363eb56929bc3d5/250x250-000000-80-0-0.jpg,,,https://www.youtube.com/@NOTIONDJ,https://soundcloud.com/notiondj,,UK Garage / UK Bass,"Notion is a Bristol, UK-based DJ, producer or electronic artist whose work centers on uk garage / uk bass, with a focus on club-ready releases and live sets."
dj,prospa,Prospa,"Leeds, UK",3,website|instagram|twitter,https://cdn-images.dzcdn.net/images/artist/b53c414019fa4abe85227ccdf33c8a13/250x250-000000-80-0-0.jpg,,,https://www.youtube.com/@ProspaUK,https://soundcloud.com/prospauk,,UK Garage / UK Bass,"Prospa is a Leeds, UK-based DJ, producer or electronic artist whose work centers on uk garage / uk bass, with a focus on club-ready releases and live sets."
dj,space-92,Space 92,"Toulouse, France",3,twitter,https://cdn-images.dzcdn.net/images/artist/93e4c86180465f67e82701674c832d3d/250x250-000000-80-0-0.jpg,https://ra.co/dj/space92,https://www.instagram.com/space92__official/,https://www.youtube.com/@space92music,https://soundcloud.com/space92,,Techno / Hard Techno,"Space 92 is a Toulouse, France-based DJ, producer or electronic artist whose work centers on techno / hard techno, with a focus on club-ready releases and live sets."
dj,steller,Steller,"Florida, US",3,instagram|twitter,https://cdn-images.dzcdn.net/images/artist/96a947afe24327afc6404ce229950391/250x250-000000-80-0-0.jpg,https://stellersounds.com/,,https://www.youtube.com/@stellersounds,https://soundcloud.com/stellersounds,,Bass / Dubstep,"Steller is a Florida, US-based DJ, producer or electronic artist whose work centers on bass / dubstep, with a focus on club-ready releases and live sets."
dj,sullivan-king,Sullivan King,"Los Angeles, US",3,,https://cdn-images.dzcdn.net/images/artist/baf870b01d64ebda36900b5b56b2b633/250x250-000000-80-0-0.jpg,https://sullivankingmusic.com/,https://instagram.com/sullivanking,https://www.youtube.com/@SullivanKing,https://soundcloud.com/sullivankingmusic,https://twitter.com/sullivanking,Bass / Dubstep,"Sullivan King is a Los Angeles, US-based DJ, producer or electronic artist whose work centers on bass / dubstep, with a focus on club-ready releases and live sets."
dj,ahmed-spins,Ahmed Spins,"Miami, US",2,website|instagram|twitter,https://cdn-images.dzcdn.net/images/artist/92be857125fa54132e0395774686e7ec/250x250-000000-80-0-0.jpg,,,https://www.youtube.com/@AhmedSpinsMusic,https://soundcloud.com/ahmedspins,,Afro House / Afro Tech,"Ahmed Spins is a Miami, US-based DJ, producer or electronic artist whose work centers on afro house / afro tech, with a focus on club-ready releases and live sets."
dj,austin-kramer,Austin Kramer,"Denver, US",2,website|soundcloud,https://cdn-images.dzcdn.net/images/artist/028db8de807cf96d7f3469a2c221e805/250x250-000000-80-0-0.jpg,,https://instagram.com/austinkramer,https://www.youtube.com/@austinkramer,,https://x.com/austinkramer,Electronic / Club,"Austin Kramer is a Denver, US-based DJ, producer or electronic artist whose work centers on electronic / club, with a focus on club-ready releases and live sets."
dj,beltran,Beltran,Brazil,2,twitter,https://cdn-images.dzcdn.net/images/artist/23d2cbad697ebcbcf2b9cef4366652ec/250x250-000000-80-0-0.jpg,https://julianobeltran.com/,https://instagram.com/beltranmusic,https://www.youtube.com/@beltran1337,https://soundcloud.com/beltranmusic,,Tech House / House,"Beltran is a Brazil-based DJ, producer or electronic artist whose work centers on tech house / house, with a focus on club-ready releases and live sets."
dj,bijou,BIJOU,"Los Angeles, US",2,website|instagram|twitter,https://cdn-images.dzcdn.net/images/artist/9d58673603c5df1b2628eabb5aff8dc8/250x250-000000-80-0-0.jpg,,,https://www.youtube.com/@BIJOU,https://soundcloud.com/bijou,,Tech House / House,"BIJOU is a Los Angeles, US-based DJ, producer or electronic artist whose work centers on tech house / house, with a focus on club-ready releases and live sets."
dj,erick-morillo,Erick Morillo,"New York, US",2,website|instagram,https://cdn-images.dzcdn.net/images/artist/7b194f558cde2a5f55304591b13c8168/250x250-000000-80-0-0.jpg,,,https://www.youtube.com/@erickmorillovideo,https://soundcloud.com/erickmorillo,https://x.com/ErickMorillo,Electronic / Club,"Erick Morillo is a New York, US-based DJ, producer or electronic artist whose work centers on electronic / club, with a focus on club-ready releases and live sets."
dj,estiva,Estiva,"Reeuwijk, Netherlands",2,instagram|youtube|soundcloud|twitter,https://cdn-images.dzcdn.net/images/artist/aa85407a00140d3c0ff014a1d7566ead/250x250-000000-80-0-0.jpg,https://www.estiva.mg.gov.br/,,,,,Trance / Psytrance,"Estiva is a Reeuwijk, Netherlands-based DJ, producer or electronic artist whose work centers on trance / psytrance, with a focus on club-ready releases and live sets."
dj,faster-horses,Faster Horses,"Liverpool, UK",2,website|instagram|twitter,https://cdn-images.dzcdn.net/images/artist/d8315de10c16736f16b43549fb360448/250x250-000000-80-0-0.jpg,,,https://www.youtube.com/@thefasterhorses,https://soundcloud.com/faster_horses,,UK Garage / UK Bass,"Faster Horses is a Liverpool, UK-based DJ, producer or electronic artist whose work centers on uk garage / uk bass, with a focus on club-ready releases and live sets."
dj,goodboys,Goodboys,"London, UK",2,twitter,https://cdn-images.dzcdn.net/images/artist/148037864c00f4eb9049d6d2977ec238/250x250-000000-80-0-0.jpg,https://www.goodboysrecords.com/,https://instagram.com/goodboysoff,https://www.youtube.com/@GoodboysOff,https://soundcloud.com/goodboysoff,,House / Dance Pop,"Goodboys is a London, UK-based DJ, producer or electronic artist whose work centers on house / dance pop, with a focus on club-ready releases and live sets."
dj,green-velvet,Green Velvet,"Chicago, US",2,instagram|twitter,https://cdn-images.dzcdn.net/images/artist/b0a56315df2977ebb0740c414330b831/250x250-000000-80-0-0.jpg,https://linktr.ee/officialgreenvelvet,,https://www.youtube.com/@officialgreenvelvet,https://soundcloud.com/green-velvet-1,,Tech House / House,"Green Velvet is a Chicago, US-based DJ, producer or electronic artist whose work centers on tech house / house, with a focus on club-ready releases and live sets."
dj,illenium,Illenium,"Chicago, US",2,,https://cdn-images.dzcdn.net/images/artist/0e4f30513c3c06fbeed3f2e403aad80f/250x250-000000-80-0-0.jpg,https://www.illenium.com/,https://instagram.com/illenium,https://www.youtube.com/@illenium,https://soundcloud.com/illeniumofficial,https://x.com/illenium,House / Dance Pop,"Illenium is a Chicago, US-based DJ, producer or electronic artist whose work centers on house / dance pop, with a focus on club-ready releases and live sets."
dj,joris-voorn,Joris Voorn,"Rotterdam, Netherlands",2,instagram|twitter,https://cdn-images.dzcdn.net/images/artist/3cc863620c17261e92db9474f0c5aeb7/250x250-000000-80-0-0.jpg,https://www.jorisvoorn.com/,,https://www.youtube.com/@jorisvoorndj,https://soundcloud.com/korolovadj,,Melodic House & Techno,"Joris Voorn is a Rotterdam, Netherlands-based DJ, producer or electronic artist whose work centers on melodic house & techno, with a focus on club-ready releases and live sets."
dj,justin-jay,Justin Jay,"Los Angeles, US",2,website|instagram|twitter,https://cdn-images.dzcdn.net/images/artist/f889affa1092a80a906f2ea04edc03e3/250x250-000000-80-0-0.jpg,,,https://www.youtube.com/@justinjaymusic,https://soundcloud.com/justin-jay,,Tech House / House,"Justin Jay is a Los Angeles, US-based DJ, producer or electronic artist whose work centers on tech house / house, with a focus on club-ready releases and live sets."
dj,malone,Mal√≥ne,"Miami, US",2,website|instagram|youtube|twitter,https://cdn-images.dzcdn.net/images/artist/e7234aeff0081367e7e856b5fd54058e/250x250-000000-80-0-0.jpg,,,,https://soundcloud.com/malone-music,,Tech House / House,"Mal√≥ne is a Miami, US-based DJ, producer or electronic artist whose work centers on tech house / house, with a focus on club-ready releases and live sets."
dj,men-machine,Men Machine,Paris / Berlin,2,website,https://cdn-images.dzcdn.net/images/artist/fc7c5fad8b9b132efa7cde2000cc882e/250x250-000000-80-0-0.jpg,,https://www.instagram.com/menmachine/,https://www.youtube.com/@davidguetta,https://soundcloud.com/davidguetta,https://twitter.com/1001TLtv,Electronic / Club,"Men Machine is a Paris / Berlin-based DJ, producer or electronic artist whose work centers on electronic / club, with a focus on club-ready releases and live sets."
dj,mythm,MYTHM,"Vancouver, Canada",2,website,https://cdn-images.dzcdn.net/images/artist/6986d0e57d26edcf5b9abc4d2aeb80de/250x250-000000-80-0-0.jpg,,https://instagram.com/mythmofficial,https://www.youtube.com/@mythmofficial,https://soundcloud.com/mythmofficial,https://twitter.com/mythmofficial,Bass / Dubstep,"MYTHM is a Vancouver, Canada-based DJ, producer or electronic artist whose work centers on bass / dubstep, with a focus on club-ready releases and live sets."
dj,ray-volpe,Ray Volpe,"Charlotte, US",2,,https://cdn-images.dzcdn.net/images/artist/17bd7449fd75a6f897b4bd1fcf1c0aea/250x250-000000-80-0-0.jpg,https://rayvolpe.com/,https://instagram.com/rayvolpe,https://www.youtube.com/@rayvolpe,https://soundcloud.com/rayvolpemusic,https://twitter.com/rayvolpe,Bass / Dubstep,"Ray Volpe is a Charlotte, US-based DJ, producer or electronic artist whose work centers on bass / dubstep, with a focus on club-ready releases and live sets."
dj,riordan,RIORDAN,UK,2,instagram|twitter,https://cdn-images.dzcdn.net/images/artist/6e6bb7f4379130f3725c7374afe3de9a/250x250-000000-80-0-0.jpg,https://www.riordanmusic.co.uk/,,https://www.youtube.com/@riordanuk,https://soundcloud.com/riordanuk,,UK Garage / UK Bass,"RIORDAN is a UK-based DJ, producer or electronic artist whose work centers on uk garage / uk bass, with a focus on club-ready releases and live sets."
dj,samm,Samm,"Antwerp, Belgium",2,website|instagram|twitter,https://cdn-images.dzcdn.net/images/artist/55470b88a6fade57d633dc9af520493f/250x250-000000-80-0-0.jpg,,,https://www.youtube.com/@sammdu,https://soundcloud.com/sammbe,,Afro House / Afro Tech,"Samm is a Antwerp, Belgium-based DJ, producer or electronic artist whose work centers on afro house / afro tech, with a focus on club-ready releases and live sets."
dj,sunnery-james,Sunnery James,"Amsterdam, Netherlands",2,website|youtube|twitter,https://cdn-images.dzcdn.net/images/artist/6746413fc12801fcb5d94b6d21092384/250x250-000000-80-0-0.jpg,,https://instagram.com/sunneryjames,,https://soundcloud.com/sunneryjamesryanmarciano,,House / Dance Pop,"Sunnery James is a Amsterdam, Netherlands-based DJ, producer or electronic artist whose work centers on house / dance pop, with a focus on club-ready releases and live sets."
dj,tini-gessler,TINI GESSLER,"Barcelona, Spain",2,instagram|youtube|twitter,https://cdn-images.dzcdn.net/images/artist/eb8aaffdd0c01a75ec21554d65f741ef/250x250-000000-80-0-0.jpg,https://ra.co/dj/tinigessler,,,https://soundcloud.com/tini-gessler,,Tech House / House,"TINI GESSLER is a Barcelona, Spain-based DJ, producer or electronic artist whose work centers on tech house / house, with a focus on club-ready releases and live sets."
dj,vik-benno,Vik Benno,"Cambridgeshire, UK",2,soundcloud|twitter,https://img.hearthis.at/1/8/0/_/uploads/11029780/image_user/w1000_h1000_q70_ptrue_v2_----cropped_1721465106081.jpg,https://www.mixcloud.com/vikbenno/,https://instagram.com/vikbenno,https://www.youtube.com/channel/UCOSyqXxLOjzZCrZGD26ciwg,,,House / Club,"Vik Benno is a Cambridgeshire, UK-based DJ, producer or electronic artist whose work centers on house / club, with a focus on club-ready releases and live sets."
dj,zuezeu,ZUEZEU,"Los Angeles, US",2,instagram|twitter,https://cdn-images.dzcdn.net/images/artist/674b1ffd45ae63e37e303a1a852c5343/250x250-000000-80-0-0.jpg,https://www.zuezeu.com/,,https://www.youtube.com/@zuezeu,https://soundcloud.com/zuezeu,,Tech House / House,"ZUEZEU is a Los Angeles, US-based DJ, producer or electronic artist whose work centers on tech house / house, with a focus on club-ready releases and live sets."
dj,monrhea,[MONRHEA],"Athi River, Kenya",1,instagram|youtube|twitter,https://i1.sndcdn.com/avatars-LfOkW9cz7W9RJJHU-Vkwwsw-t500x500.jpg,https://ra.co/dj/monrhea,,,https://soundcloud.com/monrheacarter,,Experimental / Electronic,"[MONRHEA] is a Athi River, Kenya-based DJ, producer or electronic artist whose work centers on experimental / electronic, with a focus on club-ready releases and live sets."
dj,aeon-mode,√ÜON:MODE,"Denver, US",1,website|instagram|youtube|twitter,https://cdn-images.dzcdn.net/images/artist/7cd5c9575f5be61e34ecc902cf2827c1/250x250-000000-80-0-0.jpg,,,,https://soundcloud.com/aeonmode,,Electronic / Club,"Blankeís drum & bass project, built around fast, melodic and festival-focused bass music."
dj,ahee,AHEE,"Denver, US",1,youtube|soundcloud,https://cdn-images.dzcdn.net/images/artist/ca8462f7bc860249a1702419d52bd481/250x250-000000-80-0-0.jpg,https://www.aheebass.com/,http://instagram.com/insomniacevents,,,http://twitter.com/insomniacevents,Bass / Dubstep,"AHEE is a Denver, US-based DJ, producer or electronic artist whose work centers on bass / dubstep, with a focus on club-ready releases and live sets."
dj,aizo-clutch,Aizo Clutch,US,1,website|soundcloud|twitter,https://cdn-images.dzcdn.net/images/artist/b6b17f213609a505c0d4c7e797e23f0e/250x250-000000-80-0-0.jpg,,https://instagram.com/aizoclutch,https://www.youtube.com/@AizoClutch,,,Bass / Dubstep,"Aizo Clutch is a US-based DJ, producer or electronic artist whose work centers on bass / dubstep, with a focus on club-ready releases and live sets."
dj,akiid,Akiid,South Africa,1,website|youtube|soundcloud|twitter,https://cdn-images.dzcdn.net/images/artist/7cb6292a220573dc940f3cf9f289871b/250x250-000000-80-0-0.jpg,,https://instagram.com/akiidmusiq_sa,,,,Amapiano / Gqom,"Akiid is a South Africa-based DJ, producer or electronic artist whose work centers on amapiano / gqom, with a focus on club-ready releases and live sets."
dj,anastazja,Anastazja,United States,1,instagram|soundcloud|twitter,https://cdn-images.dzcdn.net/images/artist/64ad6da582478317709adb3a6953b928/250x250-000000-80-0-0.jpg,https://ra.co/dj/anastazja,,https://www.youtube.com/@ItzAnastazja,,,Electronic / Club,"Anastazja is a United States-based DJ, producer or electronic artist whose work centers on electronic / club, with a focus on club-ready releases and live sets."
dj,angelphroot,Angelphroot,"Toronto, Canada",1,,https://cdn-images.dzcdn.net/images/artist/da0e90d931ecfe50672ab4a1ef9d3fda/250x250-000000-80-0-0.jpg,https://ra.co/dj/angelphroot,https://instagram.com/angelphroot,https://www.youtube.com/@Angelphroot,https://soundcloud.com/angelphroot,https://x.com/angelphroot,Experimental / Electronic,"Angelphroot is a Toronto, Canada-based DJ, producer or electronic artist whose work centers on experimental / electronic, with a focus on club-ready releases and live sets."
dj,annicka,Annicka,"Los Angeles, US",1,instagram|youtube|twitter,https://cdn-images.dzcdn.net/images/artist/6caa9f5502fbc9797e546752e4282267/250x250-000000-80-0-0.jpg,https://ra.co/dj/annicka,,,https://soundcloud.com/annicka,,House / Club,"Annicka is a Los Angeles, US-based DJ, producer or electronic artist whose work centers on house / club, with a focus on club-ready releases and live sets."
dj,aqutie,AQUTIE,South Africa,1,website|youtube|twitter,https://cdn-images.dzcdn.net/images/artist/afac91bf72713f39c3acb93b3f9ca01c/250x250-000000-80-0-0.jpg,,https://instagram.com/aqutieee,,https://soundcloud.com/aqutie,,House / Club,"AQUTIE is a South Africa-based DJ, producer or electronic artist whose work centers on house / club, with a focus on club-ready releases and live sets."
dj,archie,Archie,"Bali, Indonesia",1,instagram|youtube|twitter,https://cdn-images.dzcdn.net/images/artist/c9285c16b2b39b5fd8521af5a642d099/250x250-000000-80-0-0.jpg,https://ra.co/dj/archiedennis,,,https://soundcloud.com/archiedennis,,House / Club,"Archie is a Bali, Indonesia-based DJ, producer or electronic artist whose work centers on house / club, with a focus on club-ready releases and live sets."
dj,atlantis,Atlantis,,1,website|twitter,https://cdn-images.dzcdn.net/images/artist/cf8ce3d546d91dc7f588c767be05fe44/250x250-000000-80-0-0.jpg,,https://instagram.com/atlantis_dj,https://www.youtube.com/@Atlantis_DJ,https://soundcloud.com/atlantis_dj,,Melodic House & Techno,"Atlantis is a DJ, producer or electronic artist whose work centers on melodic house & techno, with a focus on club-ready releases and live sets."
dj,audiomarc,Audiomarc,South Africa,1,website|soundcloud,https://cdn-images.dzcdn.net/images/artist/d9ddb1f81cfcbe37fdc3db5f0b11b6e0/250x250-000000-80-0-0.jpg,,https://instagram.com/audiomarcdj,https://www.youtube.com/@audiomarcdj,,https://x.com/audiomarcdj,Hip-Hop / Open Format,"Audiomarc is a South Africa-based DJ, producer or electronic artist whose work centers on hip-hop / open format, with a focus on club-ready releases and live sets."
dj,avangart-tabldot,Avangart Tabldot,"Istanbul, Turkey",1,twitter,https://cdn-images.dzcdn.net/images/artist/a46d112e1b9c7de399c2c3256ed0f360/250x250-000000-80-0-0.jpg,https://linktr.ee/avangarttabldot,https://instagram.com/avangarttabldot,https://www.youtube.com/@AvangartTabldot,https://soundcloud.com/avangarttabldot,,Melodic House & Techno,"Avangart Tabldot is a Istanbul, Turkey-based DJ, producer or electronic artist whose work centers on melodic house & techno, with a focus on club-ready releases and live sets."
dj,ayybo,AYYBO,US,1,website,https://cdn-images.dzcdn.net/images/artist/ceb53f25c59cd0913be3b97e1a4c83da/250x250-000000-80-0-0.jpg,,https://instagram.com/ayybomusic,https://www.youtube.com/@AYYBO,https://soundcloud.com/ayybo,https://x.com/ayybomusic,Tech House / House,"AYYBO is a US-based DJ, producer or electronic artist whose work centers on tech house / house, with a focus on club-ready releases and live sets."
dj,bdk,BDK,Brazil,1,website|soundcloud,https://cdn-images.dzcdn.net/images/artist/3186191e16afc811cac6be4d037b3cbf/250x250-000000-80-0-0.jpg,,https://www.instagram.com/oficialbdk/,https://www.youtube.com/@OficialBDK,,https://x.com/ooficialbdk,Amapiano / Gqom,"BDK is a Brazil-based DJ, producer or electronic artist whose work centers on amapiano / gqom, with a focus on club-ready releases and live sets."
dj,ben-rau,Ben Rau,"Berlin, Germany",1,website|youtube,https://cdn-images.dzcdn.net/images/artist/fbbadaa6c22c09764ef11211df1b91ea/250x250-000000-80-0-0.jpg,,https://instagram.com/ben_rau,,https://soundcloud.com/ben-rau,https://x.com/ben_rau,Tech House / House,"Ben Rau is a Berlin, Germany-based DJ, producer or electronic artist whose work centers on tech house / house, with a focus on club-ready releases and live sets."
dj,bhaskar,Bhaskar,Brazil,1,website|twitter,https://cdn-images.dzcdn.net/images/artist/7126493bcb0d433fc27e2da04a5f3ff2/250x250-000000-80-0-0.jpg,,https://instagram.com/bhaskar,https://www.youtube.com/@BhaskarMusic,https://soundcloud.com/bhaskarofficial,,House / Dance Pop,"Bhaskar is a Brazil-based DJ, producer or electronic artist whose work centers on house / dance pop, with a focus on club-ready releases and live sets."
dj,bianca-oblivion,Bianca Oblivion,"Los Angeles, US",1,website,https://cdn-images.dzcdn.net/images/artist/8b7b7804c90c07657f9491402b78dc7d/250x250-000000-80-0-0.jpg,,https://instagram.com/bianca_oblivion,https://www.youtube.com/@BiancaOblivion,https://soundcloud.com/biancaoblivion,https://x.com/biancaoblivion,Experimental / Electronic,"Bianca Oblivion is a Los Angeles, US-based DJ, producer or electronic artist whose work centers on experimental / electronic, with a focus on club-ready releases and live sets."
dj,biblemami,biblemami,,1,website|instagram|soundcloud|twitter,https://cdn-images.dzcdn.net/images/artist/0f3ec49aeb04d8a3f31670362a338fbd/250x250-000000-80-0-0.jpg,,,https://www.youtube.com/@biblemami,,,Hip-Hop / Open Format,"biblemami is a DJ, producer or electronic artist whose work centers on hip-hop / open format, with a focus on club-ready releases and live sets."
dj,bizarrap,Bizarrap,"Ramos Mej√≠a, AR",1,website|twitter,https://cdn-images.dzcdn.net/images/artist/e121c1ef9b1135e6a5b71c1e65ab10b4/250x250-000000-80-0-0.jpg,,https://www.instagram.com/bizarrap/,https://www.youtube.com/@Bizarrap,https://soundcloud.com/bizarrap,,House / Dance Pop,"Bizarrap is a Ramos Mej√≠a, AR-based DJ, producer or electronic artist whose work centers on house / dance pop, with a focus on club-ready releases and live sets."
dj,black-carl,Black Carl!,"Alabama, US",1,,https://cdn-images.dzcdn.net/images/artist/ae54c4439a08b1d23eee04bba7e08f6f/250x250-000000-80-0-0.jpg,https://www.insomniac.com/music/artists/black-carl/,https://instagram.com/black_carl,https://www.youtube.com/@BlackCarlMusic,https://soundcloud.com/black_carl,https://x.com/BlackCarlBass,Bass / Dubstep,"Black Carl! is a Alabama, US-based DJ, producer or electronic artist whose work centers on bass / dubstep, with a focus on club-ready releases and live sets."
dj,black-circle,Black Circle,"Zurich, Switzerland",1,website|instagram|soundcloud|twitter,https://cdn-images.dzcdn.net/images/artist/ac898ee2c3b24cdb0d19ed6441044289/250x250-000000-80-0-0.jpg,,,https://www.youtube.com/@BlackCircle,,,Afro House / Afro Tech,"Black Circle is a Zurich, Switzerland-based DJ, producer or electronic artist whose work centers on afro house / afro tech, with a focus on club-ready releases and live sets."
dj,blond,Blond,"Barcelona, Spain",1,instagram|youtube|twitter,https://cdn-images.dzcdn.net/images/artist/aecbe3bf6476ed4f040dfd110dc66738/250x250-000000-80-0-0.jpg,https://blondish.world/,,,https://soundcloud.com/blondish,,Electronic / Club,"Artist entry linked to BLOND:ISH, whose sound moves through Afro house, melodic house and globally influenced club music."
dj,blossom,Blossom,"Phoenix, US",1,youtube,https://cdn-images.dzcdn.net/images/artist/d735923633d7fd5292777c89c6dc5ae3/250x250-000000-80-0-0.jpg,https://www.blossomofficial.com/,https://instagram.com/blossom.dj,,https://soundcloud.com/blossomdj,https://x.com/blossomdj_,House / Dance Pop,"Blossom is a Phoenix, US-based DJ, producer or electronic artist whose work centers on house / dance pop, with a focus on club-ready releases and live sets."
dj,bonobo-solo,Bonobo Solo,"Brighton, UK",1,instagram|twitter,https://i1.sndcdn.com/avatars-7dycmMr3XG477In2-sNqZsg-t500x500.jpg,https://bonobomusic.com/,,https://www.youtube.com/@bonobo,https://soundcloud.com/bonobo,,Disco / Funk / House,"British producer and DJ known for richly arranged downtempo electronica, organic textures and sophisticated club sets."
dj,born-dirty,Born Dirty,"Paris, France",1,website|instagram|youtube|twitter,https://cdn-images.dzcdn.net/images/artist/686ca1d7db94d0963a3dc1429623c68b/250x250-000000-80-0-0.jpg,,,,https://soundcloud.com/borndirty,,Tech House / House,"Born Dirty is a Paris, France-based DJ, producer or electronic artist whose work centers on tech house / house, with a focus on club-ready releases and live sets."
dj,boutross,Boutross,"Nairobi, Kenya",1,website|soundcloud|twitter,https://cdn-images.dzcdn.net/images/artist/c7771f7c801848304487d1c46f5fa287/250x250-000000-80-0-0.jpg,,https://instagram.com/boutrossgram_,https://www.youtube.com/@boutrossmunene,,,Hip-Hop / Open Format,"Boutross is a Nairobi, Kenya-based DJ, producer or electronic artist whose work centers on hip-hop / open format, with a focus on club-ready releases and live sets."
dj,brandy-maina,Brandy Maina,"Nairobi, Kenya",1,website|soundcloud|twitter,https://cdn-images.dzcdn.net/images/artist/00fbab10bcceb2e7bb2ecdaaff2ad339/250x250-000000-80-0-0.jpg,,https://instagram.com/brandy_maina,https://www.youtube.com/@brandymaina9393,,,Hip-Hop / Open Format,"Brandy Maina is a Nairobi, Kenya-based DJ, producer or electronic artist whose work centers on hip-hop / open format, with a focus on club-ready releases and live sets."
dj,budalagi,Budalagi,"Nairobi, Kenya",1,website|instagram|twitter,https://cdn-images.dzcdn.net/images/artist/8fb839c15b327f29963936b23dd294da/250x250-000000-80-0-0.jpg,,,https://www.youtube.com/@budalagi,https://soundcloud.com/budalagi,,Amapiano / Gqom,"Budalagi is a Nairobi, Kenya-based DJ, producer or electronic artist whose work centers on amapiano / gqom, with a focus on club-ready releases and live sets."
dj,camelphat,Camelphat,"Liverpool, UK",1,instagram|twitter,https://cdn-images.dzcdn.net/images/artist/0323760d53e2a30fea1e66dafcb0f09e/250x250-000000-80-0-0.jpg,https://www.camelphatmusic.com/,,https://www.youtube.com/@camelphat_music,https://soundcloud.com/camelphat,,Tech House / House,"Camelphat is a Liverpool, UK-based DJ, producer or electronic artist whose work centers on tech house / house, with a focus on club-ready releases and live sets."
dj,chaney,CHANEY,"Swindon, UK",1,website,https://cdn-images.dzcdn.net/images/artist/78bd6584d98e02790915b24ba8ff330b/250x250-000000-80-0-0.jpg,,https://instagram.com/chaneyuk,https://www.youtube.com/@CHANEYUK,https://soundcloud.com/chaneymusic,https://x.com/chaney_uk,Tech House / House,"CHANEY is a Swindon, UK-based DJ, producer or electronic artist whose work centers on tech house / house, with a focus on club-ready releases and live sets."
dj,chase,Chase,"London, UK",1,instagram|youtube|soundcloud|twitter,https://cdn-images.dzcdn.net/images/artist/78e9754f98b28c5c3ca129206ecadd20/250x250-000000-80-0-0.jpg,https://chaseandstatus.co.uk/,,,,,Hip-Hop / Open Format,"Chase is a London, UK-based DJ, producer or electronic artist whose work centers on hip-hop / open format, with a focus on club-ready releases and live sets."
dj,chase-status,Chase & Status,"London, UK",1,instagram|youtube|soundcloud|twitter,https://cdn-images.dzcdn.net/images/artist/348cebc5204d437cb0329dc399a15c49/250x250-000000-80-0-0.jpg,https://chaseandstatus.co.uk/,,,,,Drum & Bass,"London electronic duo whose influential catalogue bridges drum & bass, jungle, dubstep and crossover dance music."
dj,coco-em,Coco Em,"Nairobi, Kenya",1,website|youtube|twitter,https://cdn-images.dzcdn.net/images/artist/b81148720d64f2a15b01b346294243a1/250x250-000000-80-0-0.jpg,,https://instagram.com/cocoem__,,https://soundcloud.com/coco_em,,Amapiano / Gqom,"Coco Em is a Nairobi, Kenya-based DJ, producer or electronic artist whose work centers on amapiano / gqom, with a focus on club-ready releases and live sets."
dj,coco-maria,Coco Mar√≠a,"Berlin, Germany",1,youtube|twitter,https://cdn-images.dzcdn.net/images/artist/2f4691dba900d5176d983dc3744b4d98/250x250-000000-80-0-0.jpg,https://cocomaria.net/,https://instagram.com/cocomaria___,,https://soundcloud.com/cocomariamusic,,Experimental / Electronic,"Coco Mar√≠a is a Berlin, Germany-based DJ, producer or electronic artist whose work centers on experimental / electronic, with a focus on club-ready releases and live sets."
dj,colyn,COLYN,"Leiden, Netherlands",1,website|instagram|twitter,https://cdn-images.dzcdn.net/images/artist/a25b208534aaf17c8ec2fa4cb0460ce5/250x250-000000-80-0-0.jpg,,,https://www.youtube.com/@Colyn_music,https://soundcloud.com/colynmusic,,Melodic House & Techno,"COLYN is a Leiden, Netherlands-based DJ, producer or electronic artist whose work centers on melodic house & techno, with a focus on club-ready releases and live sets."
dj,crankdat,CRANKDAT,"Cleveland, US",1,,https://cdn-images.dzcdn.net/images/artist/b97718710e1842ba0844d35e58244036/250x250-000000-80-0-0.jpg,https://crankdat.com/,https://instagram.com/crankdat,https://www.youtube.com/@Crankdat,https://soundcloud.com/crankdatmusic,https://x.com/crankdat,Bass / Dubstep,"CRANKDAT is a Cleveland, US-based DJ, producer or electronic artist whose work centers on bass / dubstep, with a focus on club-ready releases and live sets."
dj,cristoph,Cristoph,"Newcastle, UK",1,instagram,https://cdn-images.dzcdn.net/images/artist/ff27f3c85580e715218626aa78af1647/250x250-000000-80-0-0.jpg,https://cristoph.co.uk/,,https://www.youtube.com/@cristophmusic6732,https://soundcloud.com/cristophmusic,https://x.com/Cristophmusic,Tech House / House,"Cristoph is a Newcastle, UK-based DJ, producer or electronic artist whose work centers on tech house / house, with a focus on club-ready releases and live sets."
dj,curtiba,Curtiba,"Milan, Italy",1,youtube|soundcloud|twitter,https://cdn-images.dzcdn.net/images/artist/b5c7e037791626001e2a4fd132a91081/250x250-000000-80-0-0.jpg,https://soundbetter.com/profiles/250583-curtiba,https://instagram.com/curtiba,,,,House / Club,"Curtiba is a Milan, Italy-based DJ, producer or electronic artist whose work centers on house / club, with a focus on club-ready releases and live sets."
dj,cyril,CYRIL,"Sydney, AU",1,website|instagram|soundcloud|twitter,https://cdn-images.dzcdn.net/images/artist/b146fbe29b7b7d646791a5712145f106/250x250-000000-80-0-0.jpg,,,https://www.youtube.com/@CYRILTHEPRODUCER,,,Electronic / Club,"CYRIL is a Sydney, AU-based DJ, producer or electronic artist whose work centers on electronic / club, with a focus on club-ready releases and live sets."
dj,da-africa-deep,Da Africa Deep,"Johannesburg, South Africa",1,youtube|twitter,https://cdn-images.dzcdn.net/images/artist/c239d035c13389122402597bbccb5d86/250x250-000000-80-0-0.jpg,https://ra.co/dj/daafricadeep,https://instagram.com/daafricadeep,,https://soundcloud.com/da-africa-deep,,Afro House / Afro Tech,"Da Africa Deep is a Johannesburg, South Africa-based DJ, producer or electronic artist whose work centers on afro house / afro tech, with a focus on club-ready releases and live sets."
dj,das-kapital,Das Kapital,"Cape Town, South Africa",1,instagram|youtube|twitter,https://cdn-images.dzcdn.net/images/artist/d3a39c131e0a266c0e044c0e3b306c9d/250x250-000000-80-0-0.jpg,https://ra.co/dj/daskapital,,,https://soundcloud.com/daskapital,,Electronic / Club,"Das Kapital is a Cape Town, South Africa-based DJ, producer or electronic artist whose work centers on electronic / club, with a focus on club-ready releases and live sets."
dj,david-herrlich,David Herrlich,Germany,1,website,https://cdn-images.dzcdn.net/images/artist/25e9072716cba6142ae79218c66c453f/250x250-000000-80-0-0.jpg,,https://instagram.com/davidherrlichmusic,https://www.youtube.com/@davidherrlichmusic,https://soundcloud.com/davidherrlichmusic,https://x.com/David_Herrlich,Experimental / Electronic,"David Herrlich is a Germany-based DJ, producer or electronic artist whose work centers on experimental / electronic, with a focus on club-ready releases and live sets."
dj,demi-riquisimo,Demi Riqu√≠simo,"London, UK",1,youtube,https://cdn-images.dzcdn.net/images/artist/a4628e48eeedf49e59005cca7f9eb9f6/250x250-000000-80-0-0.jpg,https://ra.co/dj/demiriquisimo,https://instagram.com/demi_riquisimo_,,https://soundcloud.com/demiriquisimo,https://x.com/demiriquisimo,House / Club,"Demi Riqu√≠simo is a London, UK-based DJ, producer or electronic artist whose work centers on house / club, with a focus on club-ready releases and live sets."
dj,dillon-francis,Dillon Francis,"Los Angeles, CA",1,,https://cdn-images.dzcdn.net/images/artist/bc2641ca9222f0df884c1649cc423de7/250x250-000000-80-0-0.jpg,https://dillonfrancis.com/,https://www.instagram.com/dillonfrancis,https://www.youtube.com/@DillonFrancis,https://soundcloud.com/dillonfrancis,https://twitter.com/DillonFrancis,House / Dance Pop,"Dillon Francis is a Los Angeles, CA-based DJ, producer or electronic artist whose work centers on house / dance pop, with a focus on club-ready releases and live sets."
dj,diplo,Diplo,"Los Angeles, US",1,,https://cdn-images.dzcdn.net/images/artist/e26fa83b67df45f262ce0181c3b86463/250x250-000000-80-0-0.jpg,https://diplo.com/,https://instagram.com/diplo,https://www.youtube.com/@diplo,https://soundcloud.com/diplo,https://x.com/diplo,House / Dance Pop,"Diplo is a Los Angeles, US-based DJ, producer or electronic artist whose work centers on house / dance pop, with a focus on club-ready releases and live sets."
dj,dj-boboss,DJ Boboss,France,1,website|instagram|soundcloud|twitter,https://cdn-images.dzcdn.net/images/artist/f464fea20ae32b8920137e1b20441b22/250x250-000000-80-0-0.jpg,,,https://www.youtube.com/@djboboss,,,Hip-Hop / Open Format,"DJ Boboss is a France-based DJ, producer or electronic artist whose work centers on hip-hop / open format, with a focus on club-ready releases and live sets."
dj,dj-gregory,DJ Gregory,"Paris, France",1,website|instagram|youtube|twitter,https://cdn-images.dzcdn.net/images/artist/0dbc0d7314b5b7daf530d23ea4c0308a/250x250-000000-80-0-0.jpg,,,,https://soundcloud.com/djgregory,,Disco / Funk / House,"DJ Gregory is a Paris, France-based DJ, producer or electronic artist whose work centers on disco / funk / house, with a focus on club-ready releases and live sets."
dj,dj-iv,DJ IV,"Glasgow, UK",1,website|soundcloud|twitter,https://cdn-images.dzcdn.net/images/artist/ac8dd91d6a513ee715fc6a8ad9090de1/250x250-000000-80-0-0.jpg,,https://instagram.com/djiv,https://www.youtube.com/@djiv,,,Hip-Hop / Open Format,"DJ IV is a Glasgow, UK-based DJ, producer or electronic artist whose work centers on hip-hop / open format, with a focus on club-ready releases and live sets."
dj,dj-l-a-j,DJ L.A.J,,1,website|instagram|soundcloud|twitter,https://cdn-images.dzcdn.net/images/artist/244c7d5530d101c737cad41c8e69bac1/250x250-000000-80-0-0.jpg,,,https://www.youtube.com/@DJ_LAJ,,,Hip-Hop / Open Format,"DJ L.A.J is a DJ, producer or electronic artist whose work centers on hip-hop / open format, with a focus on club-ready releases and live sets."
dj,dj-lesoul,DJ LeSoul,"Johannesburg, South Africa",1,website|instagram|soundcloud|twitter,https://cdn-images.dzcdn.net/images/artist/7dfcf3c8efcd112a149652656ad8b6bf/250x250-000000-80-0-0.jpg,,,https://www.youtube.com/@djlesoul7811,,,Amapiano / Gqom,"DJ LeSoul is a Johannesburg, South Africa-based DJ, producer or electronic artist whose work centers on amapiano / gqom, with a focus on club-ready releases and live sets."
dj,dj-swisha,DJ SWISHA,"New York, US",1,website,https://cdn-images.dzcdn.net/images/artist/ad2324a31fc4d62d863915d1eda43c2c/250x250-000000-80-0-0.jpg,,https://instagram.com/djswisha,https://www.youtube.com/@dj-swisha,https://soundcloud.com/djswisha,https://x.com/djswisha,Hip-Hop / Open Format,"DJ SWISHA is a New York, US-based DJ, producer or electronic artist whose work centers on hip-hop / open format, with a focus on club-ready releases and live sets."
dj,dj-topgun,DJ Topgun,"London, UK",1,website|youtube|soundcloud|twitter,https://cdn-images.dzcdn.net/images/artist/5e22c54a2c3b0e69b5a35d6df90b7ff1/250x250-000000-80-0-0.jpg,,https://instagram.com/djtopgun,,,,Hip-Hop / Open Format,"DJ Topgun is a London, UK-based DJ, producer or electronic artist whose work centers on hip-hop / open format, with a focus on club-ready releases and live sets."
dj,djknator,DJKnator,"Durban, South Africa",1,instagram|soundcloud|twitter,https://cdn-images.dzcdn.net/images/artist/a2172c572554b244f391b6219fc148cc/250x250-000000-80-0-0.jpg,https://djknator.bandcamp.com/,,https://www.youtube.com/@DJKNATOR,,,Amapiano / Gqom,"DJKnator is a Durban, South Africa-based DJ, producer or electronic artist whose work centers on amapiano / gqom, with a focus on club-ready releases and live sets."
dj,dombresky,Dombresky,"Marseille, FR",1,instagram|twitter,https://cdn-images.dzcdn.net/images/artist/bf52dd8de80106880d78673b09311e80/250x250-000000-80-0-0.jpg,https://dombresky.com/,,https://www.youtube.com/@Dombresky,https://soundcloud.com/dombresky,,Tech House / House,"Dombresky is a Marseille, FR-based DJ, producer or electronic artist whose work centers on tech house / house, with a focus on club-ready releases and live sets."
dj,drybabe,Drybabe,"London, UK",1,website|youtube|soundcloud|twitter,https://cdn-images.dzcdn.net/images/artist/ed55501c7bc199327c17ad46f8e3aa7a/250x250-000000-80-0-0.jpg,,https://instagram.com/drybabE,,,,House / Club,"Drybabe is a London, UK-based DJ, producer or electronic artist whose work centers on house / club, with a focus on club-ready releases and live sets."
dj,dustycloud,Dustycloud,"Paris, France",1,website|youtube,https://cdn-images.dzcdn.net/images/artist/736e6c8514ec81a97294a90eba6c7303/250x250-000000-80-0-0.jpg,,https://instagram.com/dustycloudmusic,,https://soundcloud.com/dustycloud,https://x.com/Dustycloudmusic,Bass / Dubstep,"Dustycloud is a Paris, France-based DJ, producer or electronic artist whose work centers on bass / dubstep, with a focus on club-ready releases and live sets."
dj,dyen,DYEN,"Rotterdam, Netherlands",1,instagram|youtube|soundcloud|twitter,https://cdn-images.dzcdn.net/images/artist/746dc69994b12a710ececbf3a315850a/250x250-000000-80-0-0.jpg,https://www.gmanetwork.com/,,,,,Techno / Hard Techno,"DYEN is a Rotterdam, Netherlands-based DJ, producer or electronic artist whose work centers on techno / hard techno, with a focus on club-ready releases and live sets."
dj,ebenezer,EBENEZER,,1,instagram|youtube|soundcloud|twitter,https://cdn-images.dzcdn.net/images/artist/e56141db0a8351e4cbd3b8bb7da5d024/250x250-000000-80-0-0.jpg,https://typodermicfonts.com/ebenezer/,,,,,Electronic / Club,"EBENEZER is a DJ, producer or electronic artist whose work centers on electronic / club, with a focus on club-ready releases and live sets."
dj,ede,Ede,"Berlin, Germany",1,soundcloud|twitter,https://cdn-images.dzcdn.net/images/artist/05facf1f0387c309f879ad18f24b7433/250x250-000000-80-0-0.jpg,https://ra.co/dj/ede,https://www.instagram.com/gemeenteede,https://www.youtube.com/@gemeente-ede,,,Experimental / Electronic,"Ede is a Berlin, Germany-based DJ, producer or electronic artist whose work centers on experimental / electronic, with a focus on club-ready releases and live sets."
dj,elva,Elva,"Berlin, Germany",1,instagram|youtube|soundcloud|twitter,https://cdn-images.dzcdn.net/images/artist/c876a2f6c210a875cf905ad251d78221/250x250-000000-80-0-0.jpg,https://www.comune.elva.cn.it/,,,,,Experimental / Electronic,"Elva is a Berlin, Germany-based DJ, producer or electronic artist whose work centers on experimental / electronic, with a focus on club-ready releases and live sets."
dj,emi-navarro,Emi Navarro,Argentina,1,website|youtube|soundcloud|twitter,https://cdn-images.dzcdn.net/images/artist/ced2fac9547e17f08ce95519d9e62e4b/250x250-000000-80-0-0.jpg,,https://instagram.com/eminavarrodj,,,,House / Club,"Emi Navarro is a Argentina-based DJ, producer or electronic artist whose work centers on house / club, with a focus on club-ready releases and live sets."
dj,enrico-sangiuliano,Enrico Sangiuliano,"Reggio Emilia, Italy",1,,https://cdn-images.dzcdn.net/images/artist/1fabbfefa427fd0a921e6ab4fe3f1395/250x250-000000-80-0-0.jpg,https://enricosangiuliano.com/,https://instagram.com/enricosangiuliano,https://www.youtube.com/@EnricoSangiulianoOfficial,https://soundcloud.com/enricosangiuliano,https://twitter.com/esangiuliano,Techno / Hard Techno,"Enrico Sangiuliano is a Reggio Emilia, Italy-based DJ, producer or electronic artist whose work centers on techno / hard techno, with a focus on club-ready releases and live sets."
dj,enrico-sangiuliano-lockdown,Enrico Sangiuliano Lockdown,"Reggio Emilia, Italy",1,website|youtube,https://i1.sndcdn.com/avatars-z3NQ11OPAvD0ottV-jEhvpg-t500x500.jpg,,https://www.instagram.com/enricosangiuliano,,https://soundcloud.com/enricosangiuliano,https://twitter.com/esangiuliano,Techno / Hard Techno,"Techno project associated with Enrico Sangiuliano, focused on driving, meticulously produced electronic sets."
dj,ephwurd,Ephwurd,"Los Angeles, US",1,website,https://cdn-images.dzcdn.net/images/artist/16cd7b73dde980c89a8ffa0a27492e75/250x250-000000-80-0-0.jpg,,https://instagram.com/ephwurd,https://www.youtube.com/@Ephwurd,https://soundcloud.com/ephwurd,https://x.com/ephwurd,Bass / Dubstep,"Ephwurd is a Los Angeles, US-based DJ, producer or electronic artist whose work centers on bass / dubstep, with a focus on club-ready releases and live sets."
dj,eskuche,Eskuche,"New York, US",1,,https://cdn-images.dzcdn.net/images/artist/5da1e483a160685731e655e0a806dde4/250x250-000000-80-0-0.jpg,https://ra.co/dj/eskuche,https://instagram.com/eskuchemusic,https://www.youtube.com/@Eskuchemusic,https://soundcloud.com/eskuchemusic,https://x.com/eskuchemusic,Tech House / House,"Eskuche is a New York, US-based DJ, producer or electronic artist whose work centers on tech house / house, with a focus on club-ready releases and live sets."
dj,eyes-everywhere,Eyes Everywhere,"Buffalo, US",1,website|twitter,https://cdn-images.dzcdn.net/images/artist/0c64035250f07917051541996c641c42/250x250-000000-80-0-0.jpg,,https://instagram.com/eyeseverywhere,https://www.youtube.com/@eyeseverywhere,https://soundcloud.com/eyeseverywhere,,Tech House / House,"Eyes Everywhere is a Buffalo, US-based DJ, producer or electronic artist whose work centers on tech house / house, with a focus on club-ready releases and live sets."
dj,faustix,Faustix,Denmark,1,twitter,https://cdn-images.dzcdn.net/images/artist/ff98d952d5f4f5ce68a4b977d9503708/250x250-000000-80-0-0.jpg,https://djmag.com/top100djs/2025/96/faustix,https://www.instagram.com/faustix/,https://www.youtube.com/@faustixmusic,https://soundcloud.com/faustix,,Electronic / Club,"Faustix is a Denmark-based DJ, producer or electronic artist whose work centers on electronic / club, with a focus on club-ready releases and live sets."
dj,fifi,FIFI,"Sydney, Australia",1,website|soundcloud|twitter,https://cdn-images.dzcdn.net/images/artist/55679db3abf4157a1708436e22c3613b/250x250-000000-80-0-0.jpg,,https://instagram.com/fifi_la,https://www.youtube.com/@fifi_la,,,Experimental / Electronic,"FIFI is a Sydney, Australia-based DJ, producer or electronic artist whose work centers on experimental / electronic, with a focus on club-ready releases and live sets."
dj,fish56octagon,Fish56Octagon,"London, UK",1,website|soundcloud|twitter,https://cdn-images.dzcdn.net/images/artist/857ff38ce28d7da048fbf7d4dc05a9cf/250x250-000000-80-0-0.jpg,,https://instagram.com/fish56octagon,https://www.youtube.com/@fish56octagon,,,Electronic / Club,"Fish56Octagon is a London, UK-based DJ, producer or electronic artist whose work centers on electronic / club, with a focus on club-ready releases and live sets."
dj,flava-d,Flava D,"Bournemouth, UK",1,website,https://cdn-images.dzcdn.net/images/artist/c62df2ca6da7e02d7bb6654abb1a0bce/250x250-000000-80-0-0.jpg,,https://instagram.com/flava_d,https://www.youtube.com/@flavadmusic,https://soundcloud.com/flava_d,https://x.com/FlavaD,UK Garage / UK Bass,"Flava D is a Bournemouth, UK-based DJ, producer or electronic artist whose work centers on uk garage / uk bass, with a focus on club-ready releases and live sets."
dj,folamour,Folamour,"Lyon, France",1,,https://cdn-images.dzcdn.net/images/artist/5e8b662ec27c9fbeb8a28b2a4e1d9cb7/250x250-000000-80-0-0.jpg,https://folamour.love/,https://instagram.com/folamour_fhuo,https://www.youtube.com/@Folamour,https://soundcloud.com/folamour,https://x.com/folamourbb,Disco / Funk / House,"Folamour is a Lyon, France-based DJ, producer or electronic artist whose work centers on disco / funk / house, with a focus on club-ready releases and live sets."
dj,fonzo,Fonzo,"Miami, US",1,website|twitter,https://cdn-images.dzcdn.net/images/artist/e23066163f21176a822b54001ee648a2/250x250-000000-80-0-0.jpg,,https://instagram.com/fonzo.wav,https://www.youtube.com/@fonzo_wav,https://soundcloud.com/fonzo_wav,,House / Club,"Fonzo is a Miami, US-based DJ, producer or electronic artist whose work centers on house / club, with a focus on club-ready releases and live sets."
dj,franky-rizardo,Franky Rizardo,"Rotterdam, Netherlands",1,instagram|twitter,https://cdn-images.dzcdn.net/images/artist/b316e203b68d87b3ad2c71c5b235f2c3/250x250-000000-80-0-0.jpg,https://www.frankyrizardo.com/,,https://www.youtube.com/@FrankyRizardoOfficial,https://soundcloud.com/frankyrizardo,,Tech House / House,"Franky Rizardo is a Rotterdam, Netherlands-based DJ, producer or electronic artist whose work centers on tech house / house, with a focus on club-ready releases and live sets."
dj,franky-wah,Franky Wah,"Doncaster, UK",1,soundcloud,https://cdn-images.dzcdn.net/images/artist/61d718897e2093ee16f67e37d693be9c/250x250-000000-80-0-0.jpg,https://www.frankywah.com/,https://www.instagram.com/frankywahmusic/,https://www.youtube.com/@Frankywahmusic,,https://x.com/frankywahmusic,Techno / Hard Techno,"Franky Wah is a Doncaster, UK-based DJ, producer or electronic artist whose work centers on techno / hard techno, with a focus on club-ready releases and live sets."
dj,funtcase,FuntCase,"Bournemouth, UK",1,website|instagram|twitter,https://cdn-images.dzcdn.net/images/artist/3dfb31da34c05ef36f10410b807c6d2e/250x250-000000-80-0-0.jpg,,,https://www.youtube.com/@arlethdefuntcasezuniga2367,https://soundcloud.com/funtcase,,Drum & Bass,"FuntCase is a Bournemouth, UK-based DJ, producer or electronic artist whose work centers on drum & bass, with a focus on club-ready releases and live sets."
dj,gallya,Gallya,Bulgaria,1,website|instagram|twitter,https://cdn-images.dzcdn.net/images/artist/0b97884de1b8a224ba8f4a862d9f239d/250x250-000000-80-0-0.jpg,,,https://www.youtube.com/@Gallya,https://soundcloud.com/gallya,,Techno / Hard Techno,"Gallya is a Bulgaria-based DJ, producer or electronic artist whose work centers on techno / hard techno, with a focus on club-ready releases and live sets."
dj,general-c-mamane,General C'mamane,"Durban, South Africa",1,website|instagram|soundcloud|twitter,https://cdn-images.dzcdn.net/images/artist/90a6830e80e6ac18387510436dc09d0a/250x250-000000-80-0-0.jpg,,,https://www.youtube.com/@general_cmamane,,,Amapiano / Gqom,"General C'mamane is a Durban, South Africa-based DJ, producer or electronic artist whose work centers on amapiano / gqom, with a focus on club-ready releases and live sets."
dj,giant,GIANT,South Africa,1,website|instagram|soundcloud|twitter,https://cdn-images.dzcdn.net/images/artist/59c498d048dafbfae1072241b09e28c4/250x250-000000-80-0-0.jpg,,,https://www.youtube.com/@GIANTmusicofficial,,,Amapiano / Gqom,"GIANT is a South Africa-based DJ, producer or electronic artist whose work centers on amapiano / gqom, with a focus on club-ready releases and live sets."
dj,goldmax,Goldmax,"Durban, South Africa",1,website|instagram|soundcloud|twitter,https://cdn-images.dzcdn.net/images/artist/9986e33a26447796d7354160c426ab3f/250x250-000000-80-0-0.jpg,,,https://www.youtube.com/@goldmaxdb,,,Amapiano / Gqom,"Goldmax is a Durban, South Africa-based DJ, producer or electronic artist whose work centers on amapiano / gqom, with a focus on club-ready releases and live sets."
dj,grabba-ranks,Grabba Ranks,"London, UK",1,website|instagram|twitter,https://cdn-images.dzcdn.net/images/artist/642b2ed3cc53fedd2f60d2bfbfebe1ce/250x250-000000-80-0-0.jpg,,,https://www.youtube.com/@GRABBARANKS,https://soundcloud.com/grabbaranks,,Electronic / Club,"Grabba Ranks is a London, UK-based DJ, producer or electronic artist whose work centers on electronic / club, with a focus on club-ready releases and live sets."
dj,guido-penno,GUIDO PENNO,"Buenos Aires, Argentina",1,website|instagram|youtube|twitter,https://img.hearthis.at/5/6/2/_/uploads/44870/image_user/w1000_h1000_q70_ptrue_v2_----cropped_1679473035265.jpg,,,,https://soundcloud.com/guidopenno,,Electronic / Club,"GUIDO PENNO is a Buenos Aires, Argentina-based DJ, producer or electronic artist whose work centers on electronic / club, with a focus on club-ready releases and live sets."
dj,hania-rani,Hania Rani,"Gda?sk, Poland",1,,https://cdn-images.dzcdn.net/images/artist/2d86b397512acf32bb6f3ff88f941042/250x250-000000-80-0-0.jpg,https://haniarani.com/,https://www.instagram.com/haniarani,https://www.youtube.com/@haniaranimusic,https://soundcloud.com/haniarani,https://www.twitter.com/haniaranimusic,Experimental / Electronic,"Hania Rani is a Gda?sk, Poland-based DJ, producer or electronic artist whose work centers on experimental / electronic, with a focus on club-ready releases and live sets."
dj,harpriya,harpriya,"London, UK",1,website|youtube|twitter,https://i1.sndcdn.com/avatars-000205442793-6hv4bi-t500x500.jpg,,https://instagram.com/harpriyamusic,,https://soundcloud.com/harpriya,,UK Garage / UK Bass,"harpriya is a London, UK-based DJ, producer or electronic artist whose work centers on uk garage / uk bass, with a focus on club-ready releases and live sets."
dj,hayden-james,Hayden James,"Sydney, Australia",1,instagram|youtube|twitter,https://cdn-images.dzcdn.net/images/artist/71800e5193bc6e1ca80a6c37105d14e3/250x250-000000-80-0-0.jpg,https://haydenjamesmusic.com/,,,https://soundcloud.com/hayden-james,,House / Dance Pop,"Hayden James is a Sydney, Australia-based DJ, producer or electronic artist whose work centers on house / dance pop, with a focus on club-ready releases and live sets."
dj,hi-lo,HI-LO,"Rotterdam, Netherlands",1,website|instagram|twitter,https://cdn-images.dzcdn.net/images/artist/64518b1e37ab7cf8782c0b016c62e199/250x250-000000-80-0-0.jpg,,,https://www.youtube.com/@HILOofficial,https://soundcloud.com/hi-lomusic,,Techno / Hard Techno,"HI-LO is a Rotterdam, Netherlands-based DJ, producer or electronic artist whose work centers on techno / hard techno, with a focus on club-ready releases and live sets."
dj,hu-dat,Hu Dat,"Los Angeles, US",1,instagram|youtube|twitter,https://i1.sndcdn.com/avatars-000317958517-3n2z1v-t500x500.jpg,https://ra.co/dj/hudat,,,https://soundcloud.com/hu-dat,,Hip-Hop / Open Format,"Hu Dat is a Los Angeles, US-based DJ, producer or electronic artist whose work centers on hip-hop / open format, with a focus on club-ready releases and live sets."
dj,hyperbeam,HYPERBEAM,"Los Angeles, US",1,website|instagram|twitter,https://cdn-images.dzcdn.net/images/artist/3c6c11641b055ef9a780c6455e2e7b8d/250x250-000000-80-0-0.jpg,,,https://www.youtube.com/@hyperbeammusic,https://soundcloud.com/hyperbeammusic,,Bass / Dubstep,"HYPERBEAM is a Los Angeles, US-based DJ, producer or electronic artist whose work centers on bass / dubstep, with a focus on club-ready releases and live sets."
dj,ilan-bluestone,Ilan Bluestone,"London, UK",1,instagram|youtube|soundcloud|twitter,https://cdn-images.dzcdn.net/images/artist/e035e092febebc75fcc92d3cea9fe232/250x250-000000-80-0-0.jpg,https://www.ilanbluestone.com/,,,,,Melodic House & Techno,"Ilan Bluestone is a London, UK-based DJ, producer or electronic artist whose work centers on melodic house & techno, with a focus on club-ready releases and live sets."
dj,imaniii,Imaniii,"London, UK",1,soundcloud,https://cdn-images.dzcdn.net/images/artist/88547ffb3b9e2cf46d8c53eea95c2cf3/250x250-000000-80-0-0.jpg,https://ra.co/dj/imaniii,https://instagram.com/imaniii,https://www.youtube.com/@imaniii,,https://x.com/imaniii,Hip-Hop / Open Format,"Imaniii is a London, UK-based DJ, producer or electronic artist whose work centers on hip-hop / open format, with a focus on club-ready releases and live sets."
dj,imanu,IMANU,"Rotterdam, Netherlands",1,website|instagram|twitter,https://cdn-images.dzcdn.net/images/artist/046fae4c46f963bbbc555e19aa34844d/250x250-000000-80-0-0.jpg,,,https://www.youtube.com/@IMANU,https://soundcloud.com/imanumusic,,Drum & Bass,"IMANU is a Rotterdam, Netherlands-based DJ, producer or electronic artist whose work centers on drum & bass, with a focus on club-ready releases and live sets."
dj,internet-girl,Internet Girl,"Cape Town, South Africa",1,website|instagram|youtube|twitter,https://cdn-images.dzcdn.net/images/artist/5a7b052afc9be75e8db06bed356b3c5c/250x250-000000-80-0-0.jpg,,,,https://soundcloud.com/internetgirlmusic,,Hip-Hop / Open Format,"Internet Girl is a Cape Town, South Africa-based DJ, producer or electronic artist whose work centers on hip-hop / open format, with a focus on club-ready releases and live sets."
dj,jackie-hollander,Jackie Hollander,"San Francisco, US",1,website|soundcloud|twitter,https://cdn-images.dzcdn.net/images/artist/229781de19cf9463c38f91ac73236ec5/250x250-000000-80-0-0.jpg,,https://www.instagram.com/jackieholla/,https://www.youtube.com/@JackieHollander,,,Electronic / Club,"Jackie Hollander is a San Francisco, US-based DJ, producer or electronic artist whose work centers on electronic / club, with a focus on club-ready releases and live sets."
dj,jackson,Jackson,,1,instagram|youtube|soundcloud|twitter,https://cdn-images.dzcdn.net/images/artist/12effeafbbf901c51abf4a781742ef4f/250x250-000000-80-0-0.jpg,https://www.jacksonohio.us/,,,,,Electronic / Club,"Jackson is a DJ, producer or electronic artist whose work centers on electronic / club, with a focus on club-ready releases and live sets."
dj,jaded,JADED,"London, UK",1,website|instagram|twitter,https://cdn-images.dzcdn.net/images/artist/4d7e1ad6774b5af25c65a215bcb2f1df/250x250-000000-80-0-0.jpg,,,https://www.youtube.com/@jadedlondon,https://soundcloud.com/jadedlondon,,Electronic / Club,"JADED is a London, UK-based DJ, producer or electronic artist whose work centers on electronic / club, with a focus on club-ready releases and live sets."
dj,jamiie,JAMIIE,"Berlin, Germany",1,youtube|soundcloud|twitter,https://cdn-images.dzcdn.net/images/artist/c8cbb3fb7c1b6e2eb5cee26ea258a75f/250x250-000000-80-0-0.jpg,https://ra.co/dj/jamiie,https://instagram.com/jamiiemusic,,,,Afro House / Afro Tech,"JAMIIE is a Berlin, Germany-based DJ, producer or electronic artist whose work centers on afro house / afro tech, with a focus on club-ready releases and live sets."
dj,jaytech,Jaytech,"Canberra, Australia",1,youtube,https://cdn-images.dzcdn.net/images/artist/f49eeef0f4dafaf983a4fa3b284ace5a/250x250-000000-80-0-0.jpg,https://www.jaytechmusic.com/,https://instagram.com/jaytech,,https://soundcloud.com/jaytech,https://x.com/jaytech,Trance / Psytrance,"Jaytech is a Canberra, Australia-based DJ, producer or electronic artist whose work centers on trance / psytrance, with a focus on club-ready releases and live sets."
dj,jeremy-olander,Jeremy Olander,"Stockholm, Sweden",1,website|instagram|youtube|twitter,https://cdn-images.dzcdn.net/images/artist/524be48384a223f910fb02a2f9ae7ae9/250x250-000000-80-0-0.jpg,,,,https://soundcloud.com/jeremyolander,,Melodic House & Techno,"Jeremy Olander is a Stockholm, Sweden-based DJ, producer or electronic artist whose work centers on melodic house & techno, with a focus on club-ready releases and live sets."
dj,jessica-audiffred,Jessica Audiffred,"Mexico City, Mexico",1,instagram|youtube|twitter,https://cdn-images.dzcdn.net/images/artist/3d3e3dbfbc969498633b29485791a3c2/250x250-000000-80-0-0.jpg,https://www.jessica-audiffred.com/,,,https://soundcloud.com/jessicaaudiffred,,Bass / Dubstep,"Jessica Audiffred is a Mexico City, Mexico-based DJ, producer or electronic artist whose work centers on bass / dubstep, with a focus on club-ready releases and live sets."
dj,joe-kay,Joe Kay,"Los Angeles, US",1,soundcloud,https://cdn-images.dzcdn.net/images/artist/0d4308070653768516b4e0973b2164dc/250x250-000000-80-0-0.jpg,https://www.joekay.com/,https://www.instagram.com/joekay/,https://www.youtube.com/@joekay_,,https://x.com/joekay,Hip-Hop / Open Format,"Joe Kay is a Los Angeles, US-based DJ, producer or electronic artist whose work centers on hip-hop / open format, with a focus on club-ready releases and live sets."
dj,joshwa,Joshwa,"London, UK",1,instagram|twitter,https://cdn-images.dzcdn.net/images/artist/c3215c46437150964c910ec22ad24de7/250x250-000000-80-0-0.jpg,https://ra.co/dj/joshwauk,,https://www.youtube.com/@DJJOSHWa-n6x,https://soundcloud.com/joshwauk,,Tech House / House,"Joshwa is a London, UK-based DJ, producer or electronic artist whose work centers on tech house / house, with a focus on club-ready releases and live sets."
dj,joyhauser,Joyhauser,"Hasselt, Belgium",1,website,https://cdn-images.dzcdn.net/images/artist/a5e082fe288b5b7ca7103500734ef865/250x250-000000-80-0-0.jpg,,https://instagram.com/joyhauser_,https://www.youtube.com/@Joyhauser,https://soundcloud.com/joyhauser,https://x.com/Joyhauser1,Techno / Hard Techno,"Joyhauser is a Hasselt, Belgium-based DJ, producer or electronic artist whose work centers on techno / hard techno, with a focus on club-ready releases and live sets."
dj,judeline,Judeline,"C·diz, Spain",1,website|instagram|soundcloud|twitter,https://cdn-images.dzcdn.net/images/artist/43c18277ffd3178f3814a7cc3b90234d/250x250-000000-80-0-0.jpg,,,https://www.youtube.com/@judeline__,,,Electronic / Club,"Judeline is a C·diz, Spain-based DJ, producer or electronic artist whose work centers on electronic / club, with a focus on club-ready releases and live sets."
dj,julian-fijma,Julian Fijma,Netherlands,1,website|instagram|youtube|twitter,https://cdn-images.dzcdn.net/images/artist/fea26c0826a7d241b49ef45c5f393051/250x250-000000-80-0-0.jpg,,,,https://soundcloud.com/julianfijma,,House / Club,"Julian Fijma is a Netherlands-based DJ, producer or electronic artist whose work centers on house / club, with a focus on club-ready releases and live sets."
dj,just-bee,Just Bee,Hong Kong,1,website|instagram|twitter,https://i1.sndcdn.com/avatars-KLQxXiRGPYgBCIH9-C509RQ-t500x500.jpg,,,https://www.youtube.com/@justbeehk,https://soundcloud.com/justbeehk,,House / Club,"Just Bee is a Hong Kong-based DJ, producer or electronic artist whose work centers on house / club, with a focus on club-ready releases and live sets."
dj,k-dot,K Dot,"Sheffield, UK",1,website|instagram|twitter,https://cdn-images.dzcdn.net/images/artist/6c2dd4daa1db3cce02dbf2a70dfa4b77/250x250-000000-80-0-0.jpg,,,https://www.youtube.com/@kdot0114,https://soundcloud.com/kdotscumfam,,Hip-Hop / Open Format,"K Dot is a Sheffield, UK-based DJ, producer or electronic artist whose work centers on hip-hop / open format, with a focus on club-ready releases and live sets."
dj,k-c-driller,K.C Driller,Kenya,1,website|soundcloud|twitter,https://cdn-images.dzcdn.net/images/artist/08697788807c37cd5e8a2843b4255609/250x250-000000-80-0-0.jpg,,https://www.instagram.com/k.c_driller_/,https://www.youtube.com/@K.C_Driller_,,,Amapiano / Gqom,"K.C Driller is a Kenya-based DJ, producer or electronic artist whose work centers on amapiano / gqom, with a focus on club-ready releases and live sets."
dj,kaaze,KAAZE,Sweden,1,,https://cdn-images.dzcdn.net/images/artist/bae4ab9508f250dfaebb979bd8198c88/250x250-000000-80-0-0.jpg,https://djmag.com/top100djs/2025/74/kaaze,https://www.instagram.com/iamkaaze/,https://www.youtube.com/@KAAZEOfficial,https://soundcloud.com/kaaze,https://x.com/iamkaaze,Trance / Psytrance,"KAAZE is a Sweden-based DJ, producer or electronic artist whose work centers on trance / psytrance, with a focus on club-ready releases and live sets."
dj,kamo-mphela,Kamo Mphela,"Johannesburg, South Africa",1,website|instagram|soundcloud|twitter,https://cdn-images.dzcdn.net/images/artist/03ea37a62861544a55a22ff3d9bcc0e6/250x250-000000-80-0-0.jpg,,,https://www.youtube.com/@KamoMphelaxx,,,Amapiano / Gqom,"Kamo Mphela is a Johannesburg, South Africa-based DJ, producer or electronic artist whose work centers on amapiano / gqom, with a focus on club-ready releases and live sets."
dj,karaba,KARABA,"Montreal, Canada",1,website|twitter,https://cdn-images.dzcdn.net/images/artist/c2f4fd82984ab4879a0cf4225ee07c40/250x250-000000-80-0-0.jpg,,https://instagram.com/karaba.music,https://www.youtube.com/@DjKaraba,https://soundcloud.com/karaba,,Afro House / Afro Tech,"KARABA is a Montreal, Canada-based DJ, producer or electronic artist whose work centers on afro house / afro tech, with a focus on club-ready releases and live sets."
dj,kaskade,Kaskade,"Chicago, US",1,instagram|twitter,https://cdn-images.dzcdn.net/images/artist/e2d9a36145370879e8e15368efd75040/250x250-000000-80-0-0.jpg,https://www.kaskademusic.com/,,https://www.youtube.com/@Kaskade,https://soundcloud.com/kaskade,,House / Dance Pop,"Kaskade is a Chicago, US-based DJ, producer or electronic artist whose work centers on house / dance pop, with a focus on club-ready releases and live sets."
dj,kayzo,Kayzo,"Los Angeles, US",1,,https://cdn-images.dzcdn.net/images/artist/e0f164d6e143ef6f64193b2393dc665a/250x250-000000-80-0-0.jpg,https://www.kayzomusic.com/,https://instagram.com/kayzomusic,https://www.youtube.com/@Kayzomusic,https://soundcloud.com/kayzo-music,https://twitter.com/KayzoMusic,Bass / Dubstep,"Kayzo is a Los Angeles, US-based DJ, producer or electronic artist whose work centers on bass / dubstep, with a focus on club-ready releases and live sets."
dj,kendoll,Kendoll,"Los Angeles, US",1,website|instagram|youtube|twitter,https://cdn-images.dzcdn.net/images/artist/a8749e410feaf64fc086054ff930868b/250x250-000000-80-0-0.jpg,,,,https://soundcloud.com/kendollmusic,,Bass / Dubstep,"Kendoll is a Los Angeles, US-based DJ, producer or electronic artist whose work centers on bass / dubstep, with a focus on club-ready releases and live sets."
dj,khalil,Khalil,,1,website|youtube,https://cdn-images.dzcdn.net/images/artist/2597a4e81ab0dbc92784be93a67331e5/250x250-000000-80-0-0.jpg,,https://instagram.com/khalilmusic,,https://soundcloud.com/khalilmusic,https://x.com/khalilmusic,Hip-Hop / Open Format,"Khalil is a DJ, producer or electronic artist whose work centers on hip-hop / open format, with a focus on club-ready releases and live sets."
dj,khomha,KhoMha,"MedellÌn, Colombia",1,website,https://cdn-images.dzcdn.net/images/artist/46fd3c41ff2e5195a528f84080b171d6/250x250-000000-80-0-0.jpg,,https://www.instagram.com/khomha/,https://www.youtube.com/@KhoMha,https://soundcloud.com/khomha,https://twitter.com/KhoMha,Trance / Psytrance,"KhoMha is a MedellÌn, Colombia-based DJ, producer or electronic artist whose work centers on trance / psytrance, with a focus on club-ready releases and live sets."
dj,kiasmos,Kiasmos,"ReykjavÌk, Iceland",1,instagram|twitter,https://cdn-images.dzcdn.net/images/artist/b5d1c25117d6b865a7377ae2ca2d0bff/250x250-000000-80-0-0.jpg,https://kiasmos.is/,,https://www.youtube.com/@Kiasmos,https://soundcloud.com/kiasmos,,Experimental / Electronic,"Kiasmos is a ReykjavÌk, Iceland-based DJ, producer or electronic artist whose work centers on experimental / electronic, with a focus on club-ready releases and live sets."
dj,kilopatrah-jones,Kilopatrah Jones,"New York, US",1,instagram|youtube|twitter,https://i1.sndcdn.com/avatars-35bmivrCp2CFdGxa-Daa7ew-t500x500.jpg,https://ra.co/dj/kilopatrahjones,,,https://soundcloud.com/kilopatrah-jones,,Electronic / Club,"Kilopatrah Jones is a New York, US-based DJ, producer or electronic artist whose work centers on electronic / club, with a focus on club-ready releases and live sets."
dj,kloyd,Kloyd,South Africa,1,website|soundcloud|twitter,https://cdn-images.dzcdn.net/images/artist/bf90badca97eb5a2946e65055c9af076/250x250-000000-80-0-0.jpg,,https://www.instagram.com/kloydmusic__/,https://www.youtube.com/@kloydmusic__,,,House / Club,"Kloyd is a South Africa-based DJ, producer or electronic artist whose work centers on house / club, with a focus on club-ready releases and live sets."
dj,kora,Kora,"Montreal, Canada",1,website|soundcloud|twitter,https://cdn-images.dzcdn.net/images/artist/a4d886f07576e84f844c33204b411cda/250x250-000000-80-0-0.jpg,,https://www.instagram.com/kora.st/,https://www.youtube.com/@Korast,,,Melodic House & Techno,"Kora is a Montreal, Canada-based DJ, producer or electronic artist whose work centers on melodic house & techno, with a focus on club-ready releases and live sets."
dj,kyle-watson,Kyle Watson,"Johannesburg, South Africa",1,instagram|twitter,https://cdn-images.dzcdn.net/images/artist/45e555b5d389488b98cb17dfd22d39d3/250x250-000000-80-0-0.jpg,https://kylewatsonmusic.com/,,https://www.youtube.com/@kylewatsondj,https://soundcloud.com/kylewatson,,Tech House / House,"Kyle Watson is a Johannesburg, South Africa-based DJ, producer or electronic artist whose work centers on tech house / house, with a focus on club-ready releases and live sets."
dj,lazarusman,Lazarusman,"Johannesburg, South Africa",1,website|instagram|soundcloud,https://cdn-images.dzcdn.net/images/artist/1a285b8e103a68d58bff5483434b0f02/250x250-000000-80-0-0.jpg,,,https://www.youtube.com/@HouseofLazarus,,https://x.com/HouseOfLazarus,Afro House / Afro Tech,"Lazarusman is a Johannesburg, South Africa-based DJ, producer or electronic artist whose work centers on afro house / afro tech, with a focus on club-ready releases and live sets."
dj,len-faki,Len Faki,"Berlin, Germany",1,website|instagram|twitter,https://cdn-images.dzcdn.net/images/artist/41d8282678383860293c4fe677371de6/250x250-000000-80-0-0.jpg,,,https://www.youtube.com/@lenfakiofficial,https://soundcloud.com/lenfaki,,Techno / Hard Techno,"Len Faki is a Berlin, Germany-based DJ, producer or electronic artist whose work centers on techno / hard techno, with a focus on club-ready releases and live sets."
dj,liva-k,Liva K,"Athens, Greece",1,website|soundcloud|twitter,https://cdn-images.dzcdn.net/images/artist/562a733d290ed969f7f6b19daf087bd8/250x250-000000-80-0-0.jpg,,https://www.instagram.com/livakofficial/,https://www.youtube.com/@LivaK,,,Melodic House & Techno,"Liva K is a Athens, Greece-based DJ, producer or electronic artist whose work centers on melodic house & techno, with a focus on club-ready releases and live sets."
dj,locklead,Locklead,"Utrecht, Netherlands",1,website|instagram|twitter,https://cdn-images.dzcdn.net/images/artist/278622711508dbc656f5b4e18e0b2be6/250x250-000000-80-0-0.jpg,,,https://www.youtube.com/@locklead,https://soundcloud.com/locklead,,Tech House / House,"Locklead is a Utrecht, Netherlands-based DJ, producer or electronic artist whose work centers on tech house / house, with a focus on club-ready releases and live sets."
dj,loud-luxury,Loud Luxury,"London, Canada",1,soundcloud,https://cdn-images.dzcdn.net/images/artist/bcd3c99c3468565f4f18da03064395e9/250x250-000000-80-0-0.jpg,https://loudluxury.com/,https://instagram.com/loudluxury,https://www.youtube.com/@LoudLuxury,,https://twitter.com/loudluxury,House / Dance Pop,"Loud Luxury is a London, Canada-based DJ, producer or electronic artist whose work centers on house / dance pop, with a focus on club-ready releases and live sets."
dj,luuk-van-dijk,Luuk van Dijk,"Amsterdam, Netherlands",1,instagram|twitter,https://cdn-images.dzcdn.net/images/artist/34c726cbddd1b8b950cfe7d0ef5cc41c/250x250-000000-80-0-0.jpg,https://luukvandijkdj.nl/,,https://www.youtube.com/@luukvandijkdj,https://soundcloud.com/luukvandijkdj,,Tech House / House,"Luuk van Dijk is a Amsterdam, Netherlands-based DJ, producer or electronic artist whose work centers on tech house / house, with a focus on club-ready releases and live sets."
dj,maceo-plex,Maceo Plex,"Miami, US",1,soundcloud,https://cdn-images.dzcdn.net/images/artist/c02e49a5c71f43770db7e53ebac32bbf/250x250-000000-80-0-0.jpg,https://maceoplex.net/,https://www.instagram.com/maceoplex/,https://www.youtube.com/@maceoplex,,https://x.com/maceoplex,Melodic House & Techno,"Maceo Plex is a Miami, US-based DJ, producer or electronic artist whose work centers on melodic house & techno, with a focus on club-ready releases and live sets."
dj,marcel-vautier,Marcel Vautier,"Geneva, Switzerland",1,soundcloud|twitter,https://cdn-images.dzcdn.net/images/artist/41e81e010b5ebacc4eb0bb5af987f4b8/250x250-000000-80-0-0.jpg,https://www.marcelvautier.com/,https://www.instagram.com/_marcelvautier/,https://www.youtube.com/@marcelvautier,,,Melodic House & Techno,"Marcel Vautier is a Geneva, Switzerland-based DJ, producer or electronic artist whose work centers on melodic house & techno, with a focus on club-ready releases and live sets."
dj,massane,Massane,France,1,website|soundcloud,https://cdn-images.dzcdn.net/images/artist/029c33471ba2362aae48fa6ce4444e70/250x250-000000-80-0-0.jpg,,https://www.instagram.com/massanemusic/,https://www.youtube.com/@Massane,,https://x.com/massanemusic,Melodic House & Techno,"Massane is a France-based DJ, producer or electronic artist whose work centers on melodic house & techno, with a focus on club-ready releases and live sets."
dj,matisse,Matisse,"Saint Petersburg, Russia",1,instagram|twitter,https://cdn-images.dzcdn.net/images/artist/514862802e6d72c61cd0917371d40690/250x250-000000-80-0-0.jpg,https://www.matissesadko.com/,,https://www.youtube.com/@MatisseSadkoOfficial,https://soundcloud.com/matissesadko,,House / Dance Pop,"Matisse is a Saint Petersburg, Russia-based DJ, producer or electronic artist whose work centers on house / dance pop, with a focus on club-ready releases and live sets."
dj,matt-fax,Matt Fax,"Paris, France",1,website,https://cdn-images.dzcdn.net/images/artist/bfeb00504a40c18f193ac03cf7c8c5e8/250x250-000000-80-0-0.jpg,,https://www.instagram.com/mattfaxmusic/,https://www.youtube.com/@MattFaxMusic,https://soundcloud.com/mattfaxmusic,https://x.com/mattfaxmusic,Melodic House & Techno,"Matt Fax is a Paris, France-based DJ, producer or electronic artist whose work centers on melodic house & techno, with a focus on club-ready releases and live sets."
dj,matty-ralph,Matty Ralph,"London, UK",1,website|youtube,https://cdn-images.dzcdn.net/images/artist/1145b4ffa8ad3ca4130ebd70c769e08d/250x250-000000-80-0-0.jpg,,http://instagram.com/pasqualerotella,,https://soundcloud.com/matty-ralphmusic,http://twitter.com/insomniacevents,Electronic / Club,"Matty Ralph is a London, UK-based DJ, producer or electronic artist whose work centers on electronic / club, with a focus on club-ready releases and live sets."
dj,max-graham,Max Graham,"Montreal, Canada",1,soundcloud|twitter,https://cdn-images.dzcdn.net/images/artist/db6803c8c9941c44b09cd19af4f2fe91/250x250-000000-80-0-0.jpg,https://maxgraham.com/,https://www.instagram.com/maxgraham/,https://www.youtube.com/@maxgraham,,,Melodic House & Techno,"Max Graham is a Montreal, Canada-based DJ, producer or electronic artist whose work centers on melodic house & techno, with a focus on club-ready releases and live sets."
dj,max-mylo,Max Mylo,"Amsterdam, Netherlands",1,website|instagram|youtube|twitter,https://cdn-images.dzcdn.net/images/artist/de2ff8b156cdf79c1eb4b57f20271d0b/250x250-000000-80-0-0.jpg,,,,https://soundcloud.com/maxmylomusic,,Electronic / Club,"Max Mylo is a Amsterdam, Netherlands-based DJ, producer or electronic artist whose work centers on electronic / club, with a focus on club-ready releases and live sets."
dj,max-richter,Max Richter,"London, UK",1,,https://cdn-images.dzcdn.net/images/artist/5fb82c9b42f1200c5b2dffed432cf6dc/250x250-000000-80-0-0.jpg,https://maxrichtermusic.com/,https://www.instagram.com/maxrichtermusic,https://www.youtube.com/@maxrichtermusic,https://soundcloud.com/max-richter,https://x.com/maxrichtermusic,Experimental / Electronic,"Composer whose work blends contemporary classical writing, ambient electronics and music for film and performance."
dj,melanie-ribbe,Melanie Ribbe,Germany,1,instagram|soundcloud|twitter,https://cdn-images.dzcdn.net/images/artist/ad545f4180e4e1658b02dec6f9e18c73/250x250-000000-80-0-0.jpg,https://www.melanieribbe.com/,,https://www.youtube.com/@melanieribbeofc,,,Tech House / House,"Melanie Ribbe is a Germany-based DJ, producer or electronic artist whose work centers on tech house / house, with a focus on club-ready releases and live sets."
dj,menesix,Menesix,"Amsterdam, Netherlands",1,website|instagram|twitter,https://cdn-images.dzcdn.net/images/artist/8386b2cb528948d0823559c0b94638b1/250x250-000000-80-0-0.jpg,,,https://www.youtube.com/@menesixmusic,https://soundcloud.com/menesix,,Tech House / House,"Menesix is a Amsterdam, Netherlands-based DJ, producer or electronic artist whose work centers on tech house / house, with a focus on club-ready releases and live sets."
dj,mengzy,Mengzy,"Hong Kong, China",1,instagram|youtube|twitter,https://i1.sndcdn.com/avatars-aLRi5haWQzEeggoU-eYWK5g-t500x500.jpg,https://ra.co/dj/mengzy,,,https://soundcloud.com/mengzy,,Electronic / Club,"Mengzy is a Hong Kong, China-based DJ, producer or electronic artist whose work centers on electronic / club, with a focus on club-ready releases and live sets."
dj,michael-cassette,Michael Cassette,"Helsinki, Finland",1,website|soundcloud|twitter,https://cdn-images.dzcdn.net/images/artist/689124c501f97c977dbe0e002c7687b6/250x250-000000-80-0-0.jpg,,https://www.instagram.com/mynameismichaelcassette/,https://www.youtube.com/@MichaelCassetteOfficial,,,Melodic House & Techno,"Michael Cassette is a Helsinki, Finland-based DJ, producer or electronic artist whose work centers on melodic house & techno, with a focus on club-ready releases and live sets."
dj,miguel-bastida,Miguel Bastida,"Granada, Spain",1,instagram|twitter,https://cdn-images.dzcdn.net/images/artist/88d65c95fbf96589322cec065a369af5/250x250-000000-80-0-0.jpg,https://ra.co/dj/miguelbastida,,https://www.youtube.com/@MiguelBastida,https://soundcloud.com/miguel_bastida,,Tech House / House,"Miguel Bastida is a Granada, Spain-based DJ, producer or electronic artist whose work centers on tech house / house, with a focus on club-ready releases and live sets."
dj,miguelle,Miguelle,"Miami, US",1,website|instagram|twitter,https://cdn-images.dzcdn.net/images/artist/6cf9f3a96e01d3eb5d22c1a99af30d21/250x250-000000-80-0-0.jpg,,,https://www.youtube.com/@miguelleandtons,https://soundcloud.com/miguelletons,,Tech House / House,"Miguelle is a Miami, US-based DJ, producer or electronic artist whose work centers on tech house / house, with a focus on club-ready releases and live sets."
dj,mihalis-safras,Mihalis Safras,"Athens, Greece",1,instagram|twitter,https://cdn-images.dzcdn.net/images/artist/3a62bd69edd100a748c663061bcb95cd/250x250-000000-80-0-0.jpg,https://mihalissafras.com/,,https://www.youtube.com/@MihalisSafras,https://soundcloud.com/mihalissafras,,Tech House / House,"Mihalis Safras is a Athens, Greece-based DJ, producer or electronic artist whose work centers on tech house / house, with a focus on club-ready releases and live sets."
dj,mila-alias,Mila Alias,,1,twitter,https://i1.sndcdn.com/avatars-wPz7tuxAx3XTaM3s-EHef4A-t500x500.jpg,https://www.k-dj.jp/ja/djs/mila-alias/,https://www.instagram.com/djmilaalias/,https://www.youtube.com/@Mila_Alias,https://soundcloud.com/djmilaalias,,House / Club,"Mila Alias is a DJ, producer or electronic artist whose work centers on house / club, with a focus on club-ready releases and live sets."
dj,milena-adamis,Milena Adamis,"Buenos Aires, Argentina",1,instagram|youtube|twitter,https://cdn-images.dzcdn.net/images/artist/97336642f0945612965f508f6ddf4382/250x250-000000-80-0-0.jpg,https://ra.co/dj/milenaadamis,,,https://soundcloud.com/milena-adamis,,Techno / Hard Techno,"Milena Adamis is a Buenos Aires, Argentina-based DJ, producer or electronic artist whose work centers on techno / hard techno, with a focus on club-ready releases and live sets."
dj,miss-dre,MISS DRE,"Oakland, US",1,website|instagram|soundcloud|twitter,https://cdn-images.dzcdn.net/images/artist/d2d9e30f4511d23c6907bdcd8128f2f2/250x250-000000-80-0-0.jpg,,,https://www.youtube.com/@missdremusic,,,Tech House / House,"MISS DRE is a Oakland, US-based DJ, producer or electronic artist whose work centers on tech house / house, with a focus on club-ready releases and live sets."
dj,mita-gami,Mita Gami,"Tel Aviv, Israel",1,soundcloud|twitter,https://cdn-images.dzcdn.net/images/artist/88f095949ba9815b07b1dc20823f2a35/250x250-000000-80-0-0.jpg,https://www.mitagami.com/,https://www.instagram.com/mita_gami/,https://www.youtube.com/@mita_gami,,,Afro House / Afro Tech,"Mita Gami is a Tel Aviv, Israel-based DJ, producer or electronic artist whose work centers on afro house / afro tech, with a focus on club-ready releases and live sets."
dj,mitis,MitiS,"Philadelphia, US",1,website|instagram|twitter,https://cdn-images.dzcdn.net/images/artist/049dd0a40eff0888c7a6eaaba098a933/250x250-000000-80-0-0.jpg,,,https://www.youtube.com/@MitisMusic,https://soundcloud.com/mitis,,Bass / Dubstep,"MitiS is a Philadelphia, US-based DJ, producer or electronic artist whose work centers on bass / dubstep, with a focus on club-ready releases and live sets."
dj,monolink,Monolink,"Berlin, Germany",1,twitter,https://cdn-images.dzcdn.net/images/artist/d6ede7f36d1b0bdaf8753263afcb5324/250x250-000000-80-0-0.jpg,https://mono.link/,https://www.instagram.com/monolinkmusic,https://www.youtube.com/@Monolink,https://soundcloud.com/monolink,,Melodic House & Techno,"Monolink is a Berlin, Germany-based DJ, producer or electronic artist whose work centers on melodic house & techno, with a focus on club-ready releases and live sets."
dj,moon-boots,Moon Boots,"Brooklyn, US",1,website|instagram|twitter,https://cdn-images.dzcdn.net/images/artist/c1d4af017f190416d9602fd829cc280a/250x250-000000-80-0-0.jpg,,,https://www.youtube.com/@MoonBootsMusic,https://soundcloud.com/moonbootsmusic,,Disco / Funk / House,"Moon Boots is a Brooklyn, US-based DJ, producer or electronic artist whose work centers on disco / funk / house, with a focus on club-ready releases and live sets."
dj,morena-leraba,Morena Leraba,Lesotho,1,website|instagram|twitter,https://cdn-images.dzcdn.net/images/artist/c35c55861202ad3bfe9c19c337d43b51/250x250-000000-80-0-0.jpg,,,https://www.youtube.com/@MorenaLeraba,https://soundcloud.com/morenaleraba,,Experimental / Electronic,"Morena Leraba is a Lesotho-based DJ, producer or electronic artist whose work centers on experimental / electronic, with a focus on club-ready releases and live sets."
dj,morten,MORTEN,"Aarhus, Denmark",1,youtube,https://cdn-images.dzcdn.net/images/artist/293dc82e70fcaabb774fd71ac0c8117b/250x250-000000-80-0-0.jpg,https://www.mortenofficial.com/,https://instagram.com/morten,,https://soundcloud.com/mortenofficial,https://x.com/MORTEN_OFFICIAL,House / Dance Pop,"MORTEN is a Aarhus, Denmark-based DJ, producer or electronic artist whose work centers on house / dance pop, with a focus on club-ready releases and live sets."
dj,muchakk-mu540,MUCHAKK (Mu540,"S„o Paulo, Brazil",1,website|instagram|youtube|soundcloud|twitter,,,,,,,Electronic / Club,"Brazilian club-music artist associated with baile funk, house and high-energy S„o Paulo dance-floor sounds."
dj,myles-o-neal,Myles O'Neal,"Los Angeles, US",1,instagram|soundcloud|twitter,https://cdn-images.dzcdn.net/images/artist/a24f3f8602c83c63757873be5f21cca1/250x250-000000-80-0-0.jpg,https://www.mylesoneal.com/,,https://www.youtube.com/@MylesONeal_,,,Hip-Hop / Open Format,"Myles O'Neal is a Los Angeles, US-based DJ, producer or electronic artist whose work centers on hip-hop / open format, with a focus on club-ready releases and live sets."
dj,natte-visstick,Natte Visstick,Netherlands,1,twitter,https://cdn-images.dzcdn.net/images/artist/3772c978855b648fcd6c2840368393f9/250x250-000000-80-0-0.jpg,https://linktr.ee/nattevisstick,https://instagram.com/nattevisstick,https://www.youtube.com/@NatteVisstickOfficial,https://soundcloud.com/nattevisstick,,House / Club,"Natte Visstick is a Netherlands-based DJ, producer or electronic artist whose work centers on house / club, with a focus on club-ready releases and live sets."
dj,neon-deluz,Neon Deluz,"Los Angeles, US",1,instagram|twitter,https://cdn-images.dzcdn.net/images/artist/9020fcf7b4b50e420a4c940e9e4fc706/250x250-000000-80-0-0.jpg,https://linktr.ee/neondeluz,,https://www.youtube.com/@neondeluzmusic,https://soundcloud.com/neondeluzmusic,,Melodic House & Techno,"Neon Deluz is a Los Angeles, US-based DJ, producer or electronic artist whose work centers on melodic house & techno, with a focus on club-ready releases and live sets."
dj,netsky,Netsky,"Antwerp, Belgium",1,,https://cdn-images.dzcdn.net/images/artist/9700d62fae221d1415727f096f788d9f/250x250-000000-80-0-0.jpg,https://netskymusic.com,https://instagram.com/netsky,https://www.youtube.com/channel/UCYju6cJkaQafQvKE9q-vMWQ,https://soundcloud.com/netsky,https://x.com/Netsky,Drum & Bass,"Netsky is a Antwerp, Belgium-based DJ, producer or electronic artist whose work centers on drum & bass, with a focus on club-ready releases and live sets."
dj,new-form,New Form,"Ghent, Belgium",1,website|youtube|soundcloud|twitter,https://cdn-images.dzcdn.net/images/artist/9634ab33133cdbe24ad9dee0ad7f0a06/250x250-000000-80-0-0.jpg,,https://instagram.com/charlottedewittemusic,,,,Electronic / Club,Charlotte de Witte performance concept centered on driving techno and large-scale audiovisual presentation.
dj,nikolina,Nikolina,United Kingdom,1,instagram|soundcloud|twitter,https://cdn-images.dzcdn.net/images/artist/c5a8356037cef83b51980b49416dc044/250x250-000000-80-0-0.jpg,https://ra.co/dj/nikolina,,https://www.youtube.com/@DJNIKOLINA,,,Techno / Hard Techno,"Nikolina is a United Kingdom-based DJ, producer or electronic artist whose work centers on techno / hard techno, with a focus on club-ready releases and live sets."
dj,nitti-gritti,Nitti Gritti,"Miami, US",1,website|instagram|youtube|twitter,https://cdn-images.dzcdn.net/images/artist/93d6112c804ac12bfc91de924dc9e19b/250x250-000000-80-0-0.jpg,,,,https://soundcloud.com/nittigritti,,House / Dance Pop,"Nitti Gritti is a Miami, US-based DJ, producer or electronic artist whose work centers on house / dance pop, with a focus on club-ready releases and live sets."
dj,njelic,Njelic,"Soweto, South Africa",1,website|instagram|soundcloud|twitter,https://cdn-images.dzcdn.net/images/artist/639bea132427564bab68b33a988ed210/250x250-000000-80-0-0.jpg,,,https://www.youtube.com/@NjelicOfficial,,,Amapiano / Gqom,"Njelic is a Soweto, South Africa-based DJ, producer or electronic artist whose work centers on amapiano / gqom, with a focus on club-ready releases and live sets."
dj,nosi,NOSI,South Africa,1,website|soundcloud|twitter,https://cdn-images.dzcdn.net/images/artist/101c56ebe421e513112de6c0aa244720/250x250-000000-80-0-0.jpg,,https://instagram.com/nosi.ofc,https://www.youtube.com/@NOSI_,,,House / Club,"NOSI is a South Africa-based DJ, producer or electronic artist whose work centers on house / club, with a focus on club-ready releases and live sets."
dj,olafur-arnalds,√ìlafur Arnalds,"MosfellsbÊr, Iceland",1,instagram|twitter,https://cdn-images.dzcdn.net/images/artist/39c599372c3484a872a160243da08f09/250x250-000000-80-0-0.jpg,https://olafurarnalds.com/,,https://www.youtube.com/@olafurarnalds,https://soundcloud.com/olafur-arnalds,,Experimental / Electronic,"√ìlafur Arnalds is a MosfellsbÊr, Iceland-based DJ, producer or electronic artist whose work centers on experimental / electronic, with a focus on club-ready releases and live sets."
dj,omnom,OMNOM,"Los Angeles, US",1,instagram|twitter,https://cdn-images.dzcdn.net/images/artist/07cc68e01d244196b38227e782829230/250x250-000000-80-0-0.jpg,https://www.imomnom.com/,,https://www.youtube.com/@imomnom,https://soundcloud.com/omnom,,Tech House / House,"OMNOM is a Los Angeles, US-based DJ, producer or electronic artist whose work centers on tech house / house, with a focus on club-ready releases and live sets."
dj,pegassi,Pegassi,"Brussels, Belgium",1,website,https://cdn-images.dzcdn.net/images/artist/a23de955e71e40ef8aa86c7aa494f085/250x250-000000-80-0-0.jpg,,http://instagram.com/pasqualerotella,https://www.youtube.com/@pegassimusic,https://soundcloud.com/insomniacevents,http://twitter.com/insomniacevents,Tech House / House,"Pegassi is a Brussels, Belgium-based DJ, producer or electronic artist whose work centers on tech house / house, with a focus on club-ready releases and live sets."
dj,phelimuncasi,Phelimuncasi,"Durban, South Africa",1,website|youtube|soundcloud|twitter,https://cdn-images.dzcdn.net/images/artist/04ea47ccdbe21f69bb0880e50aeeaf33/250x250-000000-80-0-0.jpg,,https://instagram.com/phelimuncasi,,,,Amapiano / Gqom,"Phelimuncasi is a Durban, South Africa-based DJ, producer or electronic artist whose work centers on amapiano / gqom, with a focus on club-ready releases and live sets."
dj,phlegmatic-dogs,Phlegmatic Dogs,"Moscow, Russia",1,website|instagram|youtube|twitter,https://cdn-images.dzcdn.net/images/artist/af329a1c98b145f7af16c2e812b423a0/250x250-000000-80-0-0.jpg,,,,https://soundcloud.com/phlegmaticdogs,,Electronic / Club,"Phlegmatic Dogs is a Moscow, Russia-based DJ, producer or electronic artist whose work centers on electronic / club, with a focus on club-ready releases and live sets."
dj,pigeon-hole,Pigeon Hole,"Vancouver, Canada",1,website|instagram|youtube|twitter,https://cdn-images.dzcdn.net/images/artist/99ddf9b370a00ed373aeab81aab62236/250x250-000000-80-0-0.jpg,,,,https://soundcloud.com/pigeon_hole,,Bass / Dubstep,"Pigeon Hole is a Vancouver, Canada-based DJ, producer or electronic artist whose work centers on bass / dubstep, with a focus on club-ready releases and live sets."
dj,pnny,PNNY,"Bali, Indonesia",1,website|instagram|youtube|twitter,https://i1.sndcdn.com/avatars-9DNIFVP3Qjj75aBw-eExudg-t500x500.jpg,,,,https://soundcloud.com/pnnycollective,,Amapiano / Gqom,"PNNY is a Bali, Indonesia-based DJ, producer or electronic artist whose work centers on amapiano / gqom, with a focus on club-ready releases and live sets."
dj,porter-robinson,Porter Robinson,"Chapel Hill, US",1,,https://cdn-images.dzcdn.net/images/artist/a83618b66fa207ef0840f167e5ad59c4/250x250-000000-80-0-0.jpg,https://porterrobinson.com/,https://www.instagram.com/porterrobinson,https://www.youtube.com/@porterrobinson,https://soundcloud.com/porter-robinson,https://x.com/porterrobinson,Bass / Dubstep,"Porter Robinson is a Chapel Hill, US-based DJ, producer or electronic artist whose work centers on bass / dubstep, with a focus on club-ready releases and live sets."
dj,push,Push,"Antwerp, BE",1,instagram|youtube|soundcloud|twitter,https://cdn-images.dzcdn.net/images/artist/3fe3be098e3472d6c0d69945bed9949c/250x250-000000-80-0-0.jpg,https://www.mikepush.com/,,,,,Trance / Psytrance,"Belgian trance project known for classic, melodic and progressive records including enduring club anthems."
dj,quackson,Quackson,"Seattle, US",1,website|instagram|twitter,https://cdn-images.dzcdn.net/images/artist/3ea353d7a0f90c811f3c00415c5dd196/250x250-000000-80-0-0.jpg,,,https://www.youtube.com/@quacksonmusic,https://soundcloud.com/quacksonmusic,,Bass / Dubstep,"Quackson is a Seattle, US-based DJ, producer or electronic artist whose work centers on bass / dubstep, with a focus on club-ready releases and live sets."
dj,rampa,Rampa,"Berlin, Germany",1,website|instagram|youtube|twitter,https://cdn-images.dzcdn.net/images/artist/05454ee4114bef513b8f0446271dae0b/250x250-000000-80-0-0.jpg,,,,https://soundcloud.com/rampa,,Melodic House & Techno,"Rampa is a Berlin, Germany-based DJ, producer or electronic artist whose work centers on melodic house & techno, with a focus on club-ready releases and live sets."
dj,raw-district,Raw District,"Brussels, Belgium",1,website|instagram|youtube|twitter,https://cdn-images.dzcdn.net/images/artist/d4120d06aa2a61aaf716559a894aae3b/250x250-000000-80-0-0.jpg,,,,https://soundcloud.com/rawdistrict,,Melodic House & Techno,"Raw District is a Brussels, Belgium-based DJ, producer or electronic artist whose work centers on melodic house & techno, with a focus on club-ready releases and live sets."
dj,rawayana,Rawayana,"Caracas, Venezuela",1,instagram|twitter,https://cdn-images.dzcdn.net/images/artist/3e40bfe94af555a6abd13af83f605696/250x250-000000-80-0-0.jpg,http://www.rawayana.com/,,https://www.youtube.com/@RawayanaOfficial,https://soundcloud.com/rawayana,,Hip-Hop / Open Format,"Venezuelan band and live act blending reggae, funk, Latin alternative music and electronic dance influences."
dj,restricted,Restricted,"Adelaide, Australia",1,website|youtube|twitter,https://cdn-images.dzcdn.net/images/artist/a8f6255dc81507188d71a37f9d120f85/250x250-000000-80-0-0.jpg,,https://instagram.com/restricted,,https://soundcloud.com/restricted,,Techno / Hard Techno,"Restricted is a Adelaide, Australia-based DJ, producer or electronic artist whose work centers on techno / hard techno, with a focus on club-ready releases and live sets."
dj,rinzen,Rinzen,"Los Angeles, US",1,instagram|youtube|twitter,https://cdn-images.dzcdn.net/images/artist/c3aa5a75a69e1f2e6f1b16c82374df09/250x250-000000-80-0-0.jpg,https://www.rinzenmusic.com/,,,https://soundcloud.com/rinzen,,Melodic House & Techno,"Rinzen is a Los Angeles, US-based DJ, producer or electronic artist whose work centers on melodic house & techno, with a focus on club-ready releases and live sets."
dj,rohaan,Rohaan,"Manchester, UK",1,website|instagram|twitter,https://cdn-images.dzcdn.net/images/artist/409108050172ab290fd47e4ffe5a26a1/250x250-000000-80-0-0.jpg,,,https://www.youtube.com/@Rohaan,https://soundcloud.com/rohaanofficial,,Bass / Dubstep,"Rohaan is a Manchester, UK-based DJ, producer or electronic artist whose work centers on bass / dubstep, with a focus on club-ready releases and live sets."
dj,rommii,rommii,Italy,1,website|soundcloud|twitter,https://cdn-images.dzcdn.net/images/artist/7375e491b055d156acf43911afe1596a/250x250-000000-80-0-0.jpg,,https://www.instagram.com/heyrommii/,https://www.youtube.com/@heyrommii,,,House / Club,"rommii is a Italy-based DJ, producer or electronic artist whose work centers on house / club, with a focus on club-ready releases and live sets."
dj,ronski-speed,Ronski Speed,"Berlin, Germany",1,instagram|soundcloud|twitter,https://cdn-images.dzcdn.net/images/artist/8417f6e7ee55002ab18a1cac8454846a/250x250-000000-80-0-0.jpg,https://linktr.ee/ronskispeed,,https://www.youtube.com/@RonskiSpeedOfficial,,,Trance / Psytrance,"Ronski Speed is a Berlin, Germany-based DJ, producer or electronic artist whose work centers on trance / psytrance, with a focus on club-ready releases and live sets."
dj,rony-seikaly,Rony Seikaly,"Miami, US",1,website|soundcloud|twitter,https://cdn-images.dzcdn.net/images/artist/3573112f88a94b15a8ad9bfd4a8e0622/250x250-000000-80-0-0.jpg,,https://www.instagram.com/ronyseikaly/,https://www.youtube.com/@ronyseikaly,,,Tech House / House,"Rony Seikaly is a Miami, US-based DJ, producer or electronic artist whose work centers on tech house / house, with a focus on club-ready releases and live sets."
dj,rules,Rules,"London, UK",1,instagram|youtube|soundcloud|twitter,https://cdn-images.dzcdn.net/images/artist/74ca932207e98ab87bbb9d37cca7cebe/250x250-000000-80-0-0.jpg,https://thisisrules.com/,,,,,Hip-Hop / Open Format,"Rules is a London, UK-based DJ, producer or electronic artist whose work centers on hip-hop / open format, with a focus on club-ready releases and live sets."
dj,ry-x,RY X,"Byron Bay, Australia",1,instagram|twitter,https://cdn-images.dzcdn.net/images/artist/0ad59393cd63206978c2d9589bccaf93/250x250-000000-80-0-0.jpg,https://www.ry-x.com/,,https://www.youtube.com/@RYX,https://soundcloud.com/ry-x,,Experimental / Electronic,"RY X is a Byron Bay, Australia-based DJ, producer or electronic artist whose work centers on experimental / electronic, with a focus on club-ready releases and live sets."
dj,saint-ludo,Saint Ludo,"London, UK",1,instagram|youtube|twitter,https://cdn-images.dzcdn.net/images/artist/de681e690ffc5bd47d879c36e466753a/250x250-000000-80-0-0.jpg,https://ra.co/dj/saintludo,,,https://soundcloud.com/saintludo,,UK Garage / UK Bass,"Saint Ludo is a London, UK-based DJ, producer or electronic artist whose work centers on uk garage / uk bass, with a focus on club-ready releases and live sets."
dj,samantha-loveridge,Samantha Loveridge,"London, UK",1,website|soundcloud|twitter,https://cdn-images.dzcdn.net/images/artist/4b3f1e3ca64930ed0714361da85c4b3b/250x250-000000-80-0-0.jpg,,https://www.instagram.com/Samantha_Loveridge/,https://www.youtube.com/@Samantha_Loveridge,,,Electronic / Club,"Samantha Loveridge is a London, UK-based DJ, producer or electronic artist whose work centers on electronic / club, with a focus on club-ready releases and live sets."
dj,sammy-virji,Sammy Virji,"London, UK",1,twitter,https://cdn-images.dzcdn.net/images/artist/b4035c67c74c5b44fe78b4865cd7e593/250x250-000000-80-0-0.jpg,https://www.itsvirjiisntit.com/,https://www.instagram.com/sammyvirji,https://www.youtube.com/@SammyVirji,https://soundcloud.com/sammyvirji,,UK Garage / UK Bass,"Sammy Virji is a London, UK-based DJ, producer or electronic artist whose work centers on uk garage / uk bass, with a focus on club-ready releases and live sets."
dj,san-holo,San Holo,"Zoetermeer, Netherlands",1,,https://cdn-images.dzcdn.net/images/artist/c39ef74c41fdd106a003baf7358747ac/250x250-000000-80-0-0.jpg,https://sanholo.com/,https://sanholo.lnk.to/insta,https://www.youtube.com/@sanholobeats,https://soundcloud.com/sanholo,https://sanholo.lnk.to/twitter,Bass / Dubstep,"San Holo is a Zoetermeer, Netherlands-based DJ, producer or electronic artist whose work centers on bass / dubstep, with a focus on club-ready releases and live sets."
dj,sandra-raw,Sandra Raw,Brazil,1,website|twitter,https://cdn-images.dzcdn.net/images/artist/9ee3c7eaffa2fb5d21c814fc0484df1e/250x250-000000-80-0-0.jpg,,https://instagram.com/sandra_rawdj,https://www.youtube.com/@sandraraw,https://soundcloud.com/sandraraw,,House / Club,"Sandra Raw is a Brazil-based DJ, producer or electronic artist whose work centers on house / club, with a focus on club-ready releases and live sets."
dj,sarah-de-warren,Sarah de Warren,"London, UK",1,website,https://cdn-images.dzcdn.net/images/artist/741391352c7513be1880bb72f73798d6/250x250-000000-80-0-0.jpg,,http://instagram.com/pasqualerotella,https://www.youtube.com/@sarahdewarren,https://soundcloud.com/insomniacevents,http://twitter.com/insomniacevents,Electronic / Club,"Sarah de Warren is a London, UK-based DJ, producer or electronic artist whose work centers on electronic / club, with a focus on club-ready releases and live sets."
dj,second-sine,Second Sine,"Moscow, Russia",1,website|instagram|soundcloud|twitter,https://cdn-images.dzcdn.net/images/artist/022ca81bf4def4db2d4d9fb57442ce3e/250x250-000000-80-0-0.jpg,,,https://www.youtube.com/@secondsineofficial,,,Trance / Psytrance,"Second Sine is a Moscow, Russia-based DJ, producer or electronic artist whose work centers on trance / psytrance, with a focus on club-ready releases and live sets."
dj,shanti-celeste,Shanti Celeste,"Bristol, UK",1,website|instagram|twitter,https://cdn-images.dzcdn.net/images/artist/0ef09762e99e2cc903fe9ce6ec038701/250x250-000000-80-0-0.jpg,,,https://www.youtube.com/@MJColeVEVO,https://soundcloud.com/shanticeleste,,Electronic / Club,"Shanti Celeste is a Bristol, UK-based DJ, producer or electronic artist whose work centers on electronic / club, with a focus on club-ready releases and live sets."
dj,shee,SHEE,Ireland,1,website|instagram|soundcloud|twitter,https://cdn-images.dzcdn.net/images/artist/be247dc7d2d7d58dd4044f03f7bfb97a/250x250-000000-80-0-0.jpg,,,https://www.youtube.com/@known_as_shee,,,UK Garage / UK Bass,"SHEE is a Ireland-based DJ, producer or electronic artist whose work centers on uk garage / uk bass, with a focus on club-ready releases and live sets."
dj,shimza,Shimza,"Tembisa, South Africa",1,website|soundcloud,https://cdn-images.dzcdn.net/images/artist/d402f0f4fd6cb463501b00c920235b97/250x250-000000-80-0-0.jpg,,https://www.instagram.com/shimza.dj/,https://www.youtube.com/@ShimzaSA,,https://x.com/Shimza01,Afro House / Afro Tech,"Shimza is a Tembisa, South Africa-based DJ, producer or electronic artist whose work centers on afro house / afro tech, with a focus on club-ready releases and live sets."
dj,sidequest,SIDEQUEST,United States,1,website|soundcloud|twitter,https://cdn-images.dzcdn.net/images/artist/54138f66a0b68f25c23fd6c2f69550d4/250x250-000000-80-0-0.jpg,,https://instagram.com/sidequestdj,https://www.youtube.com/@SIDEQUESTMUSIC,,,Bass / Dubstep,"SIDEQUEST is a United States-based DJ, producer or electronic artist whose work centers on bass / dubstep, with a focus on club-ready releases and live sets."
dj,skepsis,Skepsis,"London, UK",1,website|instagram|youtube|twitter,https://cdn-images.dzcdn.net/images/artist/28679f84625bd70bee43446f30f42364/250x250-000000-80-0-0.jpg,,,,https://soundcloud.com/skepsisproducer,,UK Garage / UK Bass,"Skepsis is a London, UK-based DJ, producer or electronic artist whose work centers on uk garage / uk bass, with a focus on club-ready releases and live sets."
dj,soulidan,Soulidan,South Africa,1,website|youtube|twitter,https://cdn-images.dzcdn.net/images/artist/986d56fc62638709a3e242a85fde19ca/250x250-000000-80-0-0.jpg,,https://instagram.com/soulidanmusic,,https://soundcloud.com/soulidan,,Afro House / Afro Tech,"Soulidan is a South Africa-based DJ, producer or electronic artist whose work centers on afro house / afro tech, with a focus on club-ready releases and live sets."
dj,spartaque,Spartaque,"Kharkiv, Ukraine",1,website|instagram|youtube|twitter,https://cdn-images.dzcdn.net/images/artist/045b96f8765a54fc303608a5317a61eb/250x250-000000-80-0-0.jpg,,,,https://soundcloud.com/spartaque,,Techno / Hard Techno,"Spartaque is a Kharkiv, Ukraine-based DJ, producer or electronic artist whose work centers on techno / hard techno, with a focus on club-ready releases and live sets."
dj,spfdj,SPFDJ,"Berlin, Germany",1,website|instagram|youtube|twitter,https://cdn-images.dzcdn.net/images/artist/a33bab863b1ab1e49ca82970e20e18ed/250x250-000000-80-0-0.jpg,,,,https://soundcloud.com/spfdj,,Techno / Hard Techno,"SPFDJ is a Berlin, Germany-based DJ, producer or electronic artist whose work centers on techno / hard techno, with a focus on club-ready releases and live sets."
dj,sub-focus,Sub Focus,"London, UK",1,,https://cdn-images.dzcdn.net/images/artist/3263b04252ef78d63799cc8a5d10655c/250x250-000000-80-0-0.jpg,https://www.subfocus.com/,https://www.instagram.com/subfocus/,https://www.youtube.com/@SubFocus,https://soundcloud.com/subfocus,https://twitter.com/subfocus,Drum & Bass,"Sub Focus is a London, UK-based DJ, producer or electronic artist whose work centers on drum & bass, with a focus on club-ready releases and live sets."
dj,subez,Subez,Canada,1,website|instagram|youtube|twitter,https://i1.sndcdn.com/avatars-000205587701-xju86b-t500x500.jpg,,,,https://soundcloud.com/subez,,Bass / Dubstep,"Subez is a Canada-based DJ, producer or electronic artist whose work centers on bass / dubstep, with a focus on club-ready releases and live sets."
dj,sultan-shepard,Sultan + Shepard,"Montreal, Canada",1,website|instagram|twitter,https://cdn-images.dzcdn.net/images/artist/6cb0df814f15e3f95d022ee1220a9ec9/250x250-000000-80-0-0.jpg,,,https://www.youtube.com/@sultanshepard,https://soundcloud.com/sultanshepard,,Melodic House & Techno,"Sultan + Shepard is a Montreal, Canada-based DJ, producer or electronic artist whose work centers on melodic house & techno, with a focus on club-ready releases and live sets."
dj,tame-impala,Tame Impala,"Perth, Australia",1,website|instagram|youtube|twitter,https://cdn-images.dzcdn.net/images/artist/879015e713cc6ad6ffaeec154c027505/250x250-000000-80-0-0.jpg,,,,https://soundcloud.com/tameimpala,,Experimental / Electronic,"Australian psychedelic music project whose electronic-leaning productions and remixes cross indie, pop and dance music."
dj,tereza,Tereza,"Berlin, Germany",1,website|soundcloud|twitter,https://cdn-images.dzcdn.net/images/artist/b14b8012d4472853bf9f4465b7094513/250x250-000000-80-0-0.jpg,,https://www.instagram.com/terezamurr/,https://www.youtube.com/@terezamurr,,,House / Club,"Tereza is a Berlin, Germany-based DJ, producer or electronic artist whose work centers on house / club, with a focus on club-ready releases and live sets."
dj,the-blaze,The Blaze,"Paris, France",1,website|instagram|soundcloud|twitter,https://cdn-images.dzcdn.net/images/artist/18eee31f298956a83b7e5d4cd02db8bc/250x250-000000-80-0-0.jpg,,,https://www.youtube.com/@TheBlazeOfficial,,,Experimental / Electronic,"The Blaze is a Paris, France-based DJ, producer or electronic artist whose work centers on experimental / electronic, with a focus on club-ready releases and live sets."
dj,the-prototypes,The Prototypes,"Brighton, UK",1,website|instagram|youtube|twitter,https://cdn-images.dzcdn.net/images/artist/69fe7947145fbe2427440b2f740fb317/250x250-000000-80-0-0.jpg,,,,https://soundcloud.com/theprototypes,,Drum & Bass,"The Prototypes is a Brighton, UK-based DJ, producer or electronic artist whose work centers on drum & bass, with a focus on club-ready releases and live sets."
dj,tim-engelhardt,Tim Engelhardt,"Cologne, Germany",1,website|soundcloud|twitter,https://cdn-images.dzcdn.net/images/artist/44404b3e51537b7edd60e1f47cf3f0e4/250x250-000000-80-0-0.jpg,,https://www.instagram.com/timengelhardt_music/,https://www.youtube.com/@timengelhardtmusic,,,Melodic House & Techno,"Tim Engelhardt is a Cologne, Germany-based DJ, producer or electronic artist whose work centers on melodic house & techno, with a focus on club-ready releases and live sets."
dj,tim-green,Tim Green,"London, UK",1,website|soundcloud|twitter,https://cdn-images.dzcdn.net/images/artist/7cdb2a910187b2a020463222f3d6130d/250x250-000000-80-0-0.jpg,,https://www.instagram.com/timgreen_music/,https://www.youtube.com/@TimGreenMusic,,,Melodic House & Techno,"Tim Green is a London, UK-based DJ, producer or electronic artist whose work centers on melodic house & techno, with a focus on club-ready releases and live sets."
dj,tobehonest,TOBEHONEST,"Los Angeles, US",1,website|instagram|twitter,https://cdn-images.dzcdn.net/images/artist/f41df043c238d28f683cae0694b274bb/250x250-000000-80-0-0.jpg,,,https://www.youtube.com/@tobehonestmusic,https://soundcloud.com/tobehonestmusic,,Tech House / House,"TOBEHONEST is a Los Angeles, US-based DJ, producer or electronic artist whose work centers on tech house / house, with a focus on club-ready releases and live sets."
dj,tons,Tons,,1,website|instagram|youtube|twitter,https://cdn-images.dzcdn.net/images/artist/067b09ad28c0dc8a4f5e9194a90716ee/250x250-000000-80-0-0.jpg,,,,https://soundcloud.com/tonsandtons,,House / Club,"Tons is a DJ, producer or electronic artist whose work centers on house / club, with a focus on club-ready releases and live sets."
dj,tony-romera,Tony Romera,"Lyon, France",1,website,https://cdn-images.dzcdn.net/images/artist/a09e76f5786d49b451007c605c22ad66/250x250-000000-80-0-0.jpg,,https://instagram.com/tonyromera,https://www.youtube.com/tonyromeratv,https://soundcloud.com/tonyromera,https://x.com/tonyromera,Tech House / House,"Tony Romera is a Lyon, France-based DJ, producer or electronic artist whose work centers on tech house / house, with a focus on club-ready releases and live sets."
dj,torren-foot,Torren Foot,"Melbourne, Australia",1,website|instagram|twitter,https://cdn-images.dzcdn.net/images/artist/4f03a26eb3090d4b486437226f684878/250x250-000000-80-0-0.jpg,,,https://www.youtube.com/@torrenfoote,https://soundcloud.com/torrenfoot,,Tech House / House,"Torren Foot is a Melbourne, Australia-based DJ, producer or electronic artist whose work centers on tech house / house, with a focus on club-ready releases and live sets."
dj,toyzz,TOYZZ,"Alicante, Spain",1,instagram|youtube|twitter,https://cdn-images.dzcdn.net/images/artist/cd40746e68b20511dba4999d168d968f/250x250-000000-80-0-0.jpg,https://www.beatportal.com/articles/1379774-spanish-bass-influenced-producer-toyzz-debuts-on-truesoul,,,https://soundcloud.com/toyzzx,,House / Club,"TOYZZ is a Alicante, Spain-based DJ, producer or electronic artist whose work centers on house / club, with a focus on club-ready releases and live sets."
dj,trevormusiq,TrevorMusiq,South Africa,1,website|instagram|youtube|twitter,https://cdn-images.dzcdn.net/images/artist/b419a1484ce53f4f71bc718eaa030af8/250x250-000000-80-0-0.jpg,,,,https://soundcloud.com/trevormusiq,,Amapiano / Gqom,"TrevorMusiq is a South Africa-based DJ, producer or electronic artist whose work centers on amapiano / gqom, with a focus on club-ready releases and live sets."
dj,ts7,TS7,"Bradford, UK",1,website|soundcloud,https://cdn-images.dzcdn.net/images/artist/09ecc536d594b6a8c35a6bc82aa7ad4f/250x250-000000-80-0-0.jpg,,https://www.instagram.com/ts7music/,https://www.youtube.com/@ts7music,,https://x.com/ts7music,UK Garage / UK Bass,"TS7 is a Bradford, UK-based DJ, producer or electronic artist whose work centers on uk garage / uk bass, with a focus on club-ready releases and live sets."
dj,tuta-m,Tuta M,South Africa,1,website|instagram|youtube|twitter,https://cdn-images.dzcdn.net/images/artist/228db74023dba388565ee88e0f50d423/250x250-000000-80-0-0.jpg,,,,https://soundcloud.com/tuta-m,,Amapiano / Gqom,"Tuta M is a South Africa-based DJ, producer or electronic artist whose work centers on amapiano / gqom, with a focus on club-ready releases and live sets."
dj,umlilo,Umlilo,"Johannesburg, South Africa",1,website|youtube|twitter,https://cdn-images.dzcdn.net/images/artist/ed7112fc292092eda311df8eaa2a9162/250x250-000000-80-0-0.jpg,,https://instagram.com/umlilo__,,https://soundcloud.com/umlilo,,Amapiano / Gqom,"Umlilo is a Johannesburg, South Africa-based DJ, producer or electronic artist whose work centers on amapiano / gqom, with a focus on club-ready releases and live sets."
dj,vltra,VLTRA,"Palermo, Italy",1,website|instagram|twitter,https://cdn-images.dzcdn.net/images/artist/4cd14ece9487433c69c13b1ea83e8345/250x250-000000-80-0-0.jpg,,,https://www.youtube.com/@vltramusic,https://soundcloud.com/vltramusic1719,,Tech House / House,"VLTRA is a Palermo, Italy-based DJ, producer or electronic artist whose work centers on tech house / house, with a focus on club-ready releases and live sets."
dj,vnssa,VNSSA,"Los Angeles, US",1,website|instagram|twitter,https://cdn-images.dzcdn.net/images/artist/ac058e1483657c0fac5e538de34e4031/250x250-000000-80-0-0.jpg,,,https://www.youtube.com/@vnssaofficial,https://soundcloud.com/vnssa,,Electronic / Club,"VNSSA is a Los Angeles, US-based DJ, producer or electronic artist whose work centers on electronic / club, with a focus on club-ready releases and live sets."
dj,wakyin,Wakyin,United States,1,instagram|twitter,https://cdn-images.dzcdn.net/images/artist/ca1bd9e8585912c799649c88a9a79391/250x250-000000-80-0-0.jpg,https://www.insomniac.com/music/artists/wakyin/,,https://www.youtube.com/@wakyin,https://soundcloud.com/wakyin,,Afro House / Afro Tech,"Wakyin is a United States-based DJ, producer or electronic artist whose work centers on afro house / afro tech, with a focus on club-ready releases and live sets."
dj,wavhart,WAVHART,"Los Angeles, US",1,website|instagram|youtube|twitter,https://cdn-images.dzcdn.net/images/artist/846548f99a7866c6628e83bbc027b066/250x250-000000-80-0-0.jpg,,,,https://soundcloud.com/wavhart,,Bass / Dubstep,"WAVHART is a Los Angeles, US-based DJ, producer or electronic artist whose work centers on bass / dubstep, with a focus on club-ready releases and live sets."
dj,wes-pierce,wes pierce,"Los Angeles, US",1,instagram|youtube|twitter,https://cdn-images.dzcdn.net/images/artist/13d83f63fb5c92df70a557be9e674270/250x250-000000-80-0-0.jpg,https://www.beatport.com/artist/wes-pierce/1089048,,,https://soundcloud.com/wespiercemusic,,UK Garage / UK Bass,"wes pierce is a Los Angeles, US-based DJ, producer or electronic artist whose work centers on uk garage / uk bass, with a focus on club-ready releases and live sets."
dj,whomadewho,WhoMadeWho,"Copenhagen, Denmark",1,instagram|youtube|twitter,https://cdn-images.dzcdn.net/images/artist/45dc56f1c4084e18a6d7022f7f22b034/250x250-000000-80-0-0.jpg,https://whomadewho.co/,,,https://soundcloud.com/whomadewho,,Melodic House & Techno,"Danish electronic trio combining indie-dance songwriting, live instrumentation and melodic club production."
dj,wooli,WOOLI,"New York, US",1,instagram|twitter,https://cdn-images.dzcdn.net/images/artist/b0c8a7a53f989e4c4cf1473edd1c9ac9/250x250-000000-80-0-0.jpg,https://woolimusic.com/,,https://music.youtube.com/@WooliMusic,https://soundcloud.com/woolimusic,,Bass / Dubstep,"WOOLI is a New York, US-based DJ, producer or electronic artist whose work centers on bass / dubstep, with a focus on club-ready releases and live sets."
dj,worship,WORSHIP,UK,1,twitter,https://cdn-images.dzcdn.net/images/artist/2e377829720652ce7356d1d6f4970562/250x250-000000-80-0-0.jpg,https://www.worshipartists.uk/,http://instagram.com/worship_,https://www.youtube.com/@WORSHIP_artists,https://soundcloud.com/worshipartists,,Drum & Bass,Drum & bass collective built around leading UK artists and high-impact festival performances.
dj,worthy,Worthy,"San Francisco, US",1,website|soundcloud,https://cdn-images.dzcdn.net/images/artist/c0159f2f33c98021cde0380508fac53c/250x250-000000-80-0-0.jpg,,https://www.instagram.com/worthyyfn/,https://www.youtube.com/@Worthyy,,https://x.com/worthy27_,Bass / Dubstep,"Worthy is a San Francisco, US-based DJ, producer or electronic artist whose work centers on bass / dubstep, with a focus on club-ready releases and live sets."
dj,ydg,YDG,"Los Angeles, US",1,website,https://cdn-images.dzcdn.net/images/artist/2861252d8d9850af718213ac79e98254/250x250-000000-80-0-0.jpg,,https://www.instagram.com/itsydg/,https://www.youtube.com/@Itsydg,https://soundcloud.com/itsydg,https://x.com/itsydg,Bass / Dubstep,"YDG is a Los Angeles, US-based DJ, producer or electronic artist whose work centers on bass / dubstep, with a focus on club-ready releases and live sets."
dj,yousuke-yukimatsu,Yousuke Yukimatsu,"Osaka, Japan",1,twitter,https://i1.sndcdn.com/avatars-000368693759-jq0836-t500x500.jpg,https://linktr.ee/yousukeyukimatsuofficial,https://instagram.com/yousukeyukimatsu,https://www.youtube.com/@YOUSUKE.YUKIMATSU,https://soundcloud.com/yousukeyukimatsu,,Experimental / Electronic,"Yousuke Yukimatsu is a Osaka, Japan-based DJ, producer or electronic artist whose work centers on experimental / electronic, with a focus on club-ready releases and live sets."
dj,yuvee,Yuv√®e,"Tel Aviv, Israel",1,website|soundcloud|twitter,https://cdn-images.dzcdn.net/images/artist/252dabd72b3c9d349aa548262e77e3f9/250x250-000000-80-0-0.jpg,,https://www.instagram.com/yuvee_music/,https://www.youtube.com/@Yuveemusic,,,Melodic House & Techno,"Yuv√®e is a Tel Aviv, Israel-based DJ, producer or electronic artist whose work centers on melodic house & techno, with a focus on club-ready releases and live sets."
dj,zhu,ZHU,"San Francisco, US",1,instagram|twitter,https://cdn-images.dzcdn.net/images/artist/bb1b3d224ddfe58a95aa7b18140d6000/250x250-000000-80-0-0.jpg,https://www.zhumusic.com/,,https://www.youtube.com/channel/UCuolJRKmlevmTqz-tUV0LCQ,https://soundcloud.com/zhu,,House / Dance Pop,"ZHU is a San Francisco, US-based DJ, producer or electronic artist whose work centers on house / dance pop, with a focus on club-ready releases and live sets."
dj,zomboy,Zomboy,"Norwich, UK",1,,https://cdn-images.dzcdn.net/images/artist/7ad8e25738423fda34d6abfed6a93c00/250x250-000000-80-0-0.jpg,https://zomboyofficial.com/,https://www.instagram.com/zomboy/,https://www.youtube.com/channel/UC5_s37EekKcAqm2MiL5uqCQ,https://soundcloud.com/zomboy,https://x.com/Zomboy/,Bass / Dubstep,"Zomboy is a Norwich, UK-based DJ, producer or electronic artist whose work centers on bass / dubstep, with a focus on club-ready releases and live sets."
