slug,artist,title,plays,isrc,beatportUrl,confidence,source
ferry-corsten-connect-intro-edit-flashover,Ferry Corsten,Connect (Intro Edit) [Flashover],30,NLQ882300006,https://www.beatport.com/track/connect/17595139,medium,beatport
dreamstate-by-vini-vici-your-psy-trance-destination,Dreamstate By Vini Vici,Your Psy Trance Destination,29,,,low,no-match
mightyfools-footrocker-get-your-get-your-hands-up-acappella,Mightyfools,"Footrocker (Get Your, Get Your Hands Up Acappella)",11,NLS241203478,https://www.beatport.com/track/footrocker/4437156,medium,beatport
timmy-trumpet-frank-walker-john-martin-all-my-life-feat-john-martin-extended-mix,"Timmy Trumpet, Frank Walker, John Martin",All My Life (feat. John Martin) [Extended Mix],10,NLZ542600169,,medium,musicbrainz
steve-aoki-weirder-things-lucas-steve-remix,Steve Aoki,Weirder Things (Lucas & Steve Remix),9,USA2P2570495,https://www.beatport.com/track/weirder-things/26745003,high,beatport
james-hype-helicopter-https-lnk-to-jh-heli,James Hype,'Helicopter' https://lnk.to/JH-HELI,7,US39N2205148,https://www.beatport.com/track/helicopter/17286765,medium,beatport
john-summit-ft-hayla-where-you-are-acappella,John Summit ft. HAYLA,Where You Are (Acappella),7,USUG12301338,https://www.beatport.com/track/where-you-are/24364611,medium,beatport
kid-cudi-ft-mgmt-ratatat-pursuit-of-happiness-steve-aoki-remix,Kid Cudi ft. MGMT & Ratatat,Pursuit Of Happiness (Steve Aoki Remix),7,USUM70917762,https://www.beatport.com/track/pursuit-of-happiness/12110556,high,beatport
martin-garrix-dua-lipa-scared-to-be-lonely-acappella,Martin Garrix & Dua Lipa,Scared To Be Lonely (Acappella),7,NLM5S1600035,https://www.beatport.com/track/scared-to-be-lonely/9092135,medium,beatport
avicii-ft-sandro-cavazza-without-you-acappella,Avicii ft. Sandro Cavazza,Without You (Acappella),6,SE5R71700101,https://www.beatport.com/track/without-you/24344586,medium,beatport
convex-id,Convex,ID,6,,,low,no-match
da-hool-meet-her-at-the-love-parade,Da Hool,Meet Her At The Love Parade,6,BEIW12400312,https://www.beatport.com/track/meet-her-at-the-love-parade/18982592,high,beatport
daft-punk-around-the-world-westend-edit-2,Daft Punk,Around The World (Westend Edit),6,GBDUW0600057,https://www.beatport.com/track/around-the-world/5811846,medium,beatport
jay-robinson-ft-liinks-my-church-https-lnk-to-mychurch,Jay Robinson ft. LIINKS,My Church https://lnk.to/MYCHURCH,6,,,low,no-match
masters-at-work-work-acappella,Masters At Work,Work (Acappella),6,GBCFZ0701294,,medium,musicbrainz
r3wire-nukey-transition-https-stereohype-lnk-to-transition,R3WIRE & NuKey,Transition https://stereohype.lnk.to/Transition,6,US39N2304650,https://www.beatport.com/track/transition/17674723,medium,beatport
reblok-want-you-https-lnk-to-rb-want,Reblok,Want You https://lnk.to/rb-want,6,US39N2307739,https://www.beatport.com/track/want-you/17851932,medium,beatport
themba-synchro-system-themba-s-herd-mix-extended-mix-feat-king-sunny-ade-his-african-beats,THEMBA,"Synchro System (THEMBA's Herd Mix) (Extended Mix) feat. King Sunny Ade,His African Beats",6,,,low,no-match
tita-lau-one-of-a-kind-truth-x-lies-remix-https-lnk-to-txlremix,Tita Lau,One Of A Kind (Truth x Lies Remix) https://lnk.to/txlremix,6,US39N2310378,https://www.beatport.com/track/one-of-a-kind/17974382,medium,beatport
tita-lau-one-of-a-kind-https-lnk-to-tl-one,Tita Lau,One Of A Kind https://lnk.to/tl-one,6,US39N2304976,https://www.beatport.com/track/one-of-a-kind/17719739,medium,beatport
youtube-biscits,Youtube,@Biscits,6,,,low,no-match
zurra-wasting-my-time-https-lnk-to-zu-wmt,Zurra,Wasting My Time https://lnk.to/zu-wmt,6,US39N2313195,https://www.beatport.com/track/wasting-my-time/18059848,medium,beatport
alesso-get-your-groove-on,Alesso,Get Your Groove On,5,BE5KW2601233,https://www.beatport.com/track/get-your-groove-on/30172322,high,beatport
atb-9pm-till-i-come-james-hype-edit,ATB,9PM (Till I Come) (James Hype Edit),5,DEN060301008,https://www.beatport.com/track/9-pm-till-i-come/18448254,medium,beatport
avicii-levels-acappella,Avicii,Levels (Acappella),5,SEUM71100962,https://www.beatport.com/track/levels/15757104,medium,beatport
calvin-harris-disciples-ft-ina-wroldsen-how-deep-is-your-love-acappella,Calvin Harris & Disciples ft. Ina Wroldsen,How Deep Is Your Love (Acappella),5,GBARL1501087,https://www.beatport.com/track/how-deep-is-your-love/6960786,medium,beatport
coldplay-a-sky-full-of-stars-acappella,Coldplay,A Sky Full Of Stars (Acappella),5,GBAYE1400990,https://www.beatport.com/track/a-sky-full-of-stars/5600045,medium,beatport
congorock-ft-mr-lexx-babylon-david-guetta-marten-horger-pres-men-machine-kenz-rework,Congorock ft. Mr. Lexx,Babylon (David Guetta & MARTEN HØRGER pres. Men Machine & KENZ Rework),5,,,low,no-match
disaia-opium-https-lnk-to-sh-opium,Disaia,Opium https://lnk.to/sh-opium,5,US38Y2300361,https://www.beatport.com/track/opium/18106893,medium,beatport
dj-electro-pop-best-songs-remixes,Dj Electro-Pop,Best Songs Remixes,5,,,low,no-match
djdefjam-hypnotize,DjDefJam,Hypnotize,5,,,low,no-match
dom-dolla-tiga-don-t-worry-baby-extended,"Dom Dolla, Tiga",Don't Worry Baby (Extended),5,USQX92602535,https://www.beatport.com/track/don-t-worry-baby/28665093,medium,beatport
ebtg-v-s-soul-vision-tracey-in-my-room,EBTG V'S Soul Vision,Tracey In My Room,5,,,low,no-match
emanuel-satie-maga-sean-doron-moving-on-original-mix,"Emanuel Satie, Maga, Sean Doron",Moving On (Original Mix),5,NLHR22600438,https://www.beatport.com/track/moving-on/27790487,high,beatport
explore-countdown-nye-2025-passes-on-sale-now,Explore Countdown NYE 2025,Passes On Sale Now,5,,,low,no-match
haliene-ilan-bluestone-eclipsed-by-you-fyh490-original-mix,"HALIENE, Ilan Bluestone",Eclipsed By You (FYH490) (Original Mix),5,NLE712600228,https://www.beatport.com/track/eclipsed-by-you/29673518,medium,beatport
icona-pop-ft-charli-xcx-i-love-it-acappella,Icona Pop ft. Charli xcx,I Love It (Acappella),5,USAT21202802,https://www.beatport.com/track/i-love-it-feat-charli-xcx/26756425,medium,beatport
in-laidback-luke-selects-luke-selects-his-favorite-set-openers-closers-classics-throwbacks-rising-talents-and-fresh-demos-all-delivered-in-his-signature-laidback-style,"In Laidback Luke SELECTS, Luke selects his favorite set openers, closers, classics, throwbacks, rising talents, and fresh demos",all delivered in his signature laidback style.,5,,,low,no-match
john-summit-venbee-palm-of-my-hands-odd-mob-extended-remix,"John Summit, venbee",palm of my hands (Odd Mob Extended Remix),5,USUG12405789,https://www.beatport.com/track/palm-of-my-hands/19711254,high,beatport
leftwing-kody-glasgow-ki-robot-collective-mushrooms-https-lnk-to-sh-mush,"Leftwing : Kody, Glasgow Ki$$ & Robot Collective",Mushrooms https://lnk.to/sh-mush,5,US38Y2300357,https://www.beatport.com/track/mushrooms/18106895,medium,beatport
marlon-hoffstadt-aka-dj-daddy-trance-it-s-that-time,Marlon Hoffstadt aka DJ Daddy Trance,It's That Time,5,QM4TX2371595,https://www.beatport.com/track/it-s-that-time/18041420,medium,beatport
porter-robinson-ft-bright-lights-language,Porter Robinson ft. Bright Lights,Language,5,GBCEN1200388,https://www.beatport.com/track/language/3399613,high,beatport
swedish-house-mafia-ft-john-martin-save-the-world-acappella,Swedish House Mafia ft. John Martin,Save The World (Acappella),5,GBAAA1100190,https://www.beatport.com/track/save-the-world/2037199,medium,beatport
truth-x-lies-think-about-it-https-lnk-to-txl-think,Truth x Lies,Think About It https://lnk.to/txl-think,5,US39N2317177,https://www.beatport.com/track/think-about-it/18098637,medium,beatport
zedd-lucky-date-ft-ellie-goulding-fall-into-the-sky-everybody-fuckin-jump-acappella,Zedd & Lucky Date ft. Ellie Goulding,Fall Into The Sky (Everybody Fuckin Jump Acappella),5,USUM71210665,https://www.beatport.com/track/fall-into-the-sky/15716738,medium,beatport
zedd-ft-foxes-clarity-acappella,Zedd ft. Foxes,Clarity (Acappella),5,USUM71301820,https://www.beatport.com/track/clarity/15724261,medium,beatport
above-beyond-above-beyond-group-therapy-anjunabeats-id-2-abgt663-mixed,"Above & Beyond, Above & Beyond Group Therapy, Anjunabeats",ID #2 (ABGT663) - Mixed,4,,,low,no-match
alesso-ft-tove-lo-heroes-we-could-be-acappella,Alesso ft. Tove Lo,Heroes (We Could Be) (Acappella),4,USUG11401816,https://www.beatport.com/track/heroes-we-could-be/15726527,medium,beatport
alok-they-want-your-soul-extended-mix,Alok,They Want Your Soul (Extended Mix),4,BCCNG2600074,https://www.beatport.com/track/they-want-your-soul/29654081,high,beatport
alok-jennifer-lopez-everything-s-fine-pm-extended-mix,"Alok, Jennifer Lopez",Everything's Fine (PM) (Extended Mix),4,DEE862600673,https://www.beatport.com/track/everything-s-fine-pm/29301079,high,beatport
ammo-avenue-retro-dance-extended-mix,Ammo Avenue,Retro Dance (Extended Mix),4,GXFCP2600394,https://www.beatport.com/track/retro-dance/29577067,high,beatport
arabella-nabucco-m-i-d-o-r-remix,Arabella,Nabucco (M.I.D.O.R. Remix),4,NL4BQ2500006,https://www.beatport.com/track/nabucco/20401001,medium,beatport
armin-van-buuren-ft-sacha-everlasting-rising-star-remix,Armin van Buuren ft. SACHA,Everlasting (Rising Star Remix),4,NLF712604777,https://www.beatport.com/track/everlasting/29953155,medium,beatport
bart-skils-weska-silent-pressure-extended-mix,"Bart Skils, Weska",Silent Pressure (Extended Mix),4,GBUR62001266,https://www.beatport.com/track/silent-pressure/24534457,medium,beatport
benny-benassi-ft-gary-go-cinema-acappella,Benny Benassi ft. Gary Go,Cinema (Acappella),4,USUS12000747,https://www.beatport.com/track/cinema/14626561,medium,beatport
bountyhunter-woops-dimitri-vegas-junkie-kid-remix-brandon-remix,Bountyhunter,Woops (Dimitri Vegas & Junkie Kid Remix / BRANDON Remix),4,BEIW12400781,https://www.beatport.com/track/woops/19630849,medium,beatport
brandon-ft-kxne-shades-on,BRANDON ft. KXNE,Shades On,4,QZS672117115,https://www.beatport.com/track/shades-on/16796401,high,beatport
danny-avila-sam-wolfe-hntr-rome-fortune-yes-b-tch-feat-rome-fortune-extended-mix,"Danny Avila, SAM WOLFE, HNTR, Rome Fortune",YES B!TCH (feat. Rome Fortune) [Extended Mix],4,GBCPZ2423828,https://www.beatport.com/track/yes-b-tch/26768350,medium,beatport
david-guetta-glowinthedark-ft-harrison-ain-t-a-party-acappella,David Guetta & GLOWINTHEDARK ft. Harrison,Ain't A Party (Acappella),4,,,low,no-match
disclosure-ft-eliza-doolittle-you-me-flume-remix-westend-local-singles-edit,Disclosure ft. Eliza Doolittle,You & Me (Flume Remix / Westend & Local Singles Edit),4,GBUM71303827,https://www.beatport.com/track/you-and-me/18975299,high,beatport
empire-of-the-sun-walking-on-a-dream-acappella,Empire Of The Sun,Walking On A Dream (Acappella),4,AUEI10900130,https://www.beatport.com/track/walking-on-a-dream/21856202,medium,beatport
fin-carroll-adrenaline-junkie-extended-mix,Fin Carroll,Adrenaline Junkie (Extended Mix),4,GXFCP2600163,https://www.beatport.com/track/adrenaline-junkie/28929131,high,beatport
florence-the-machine-spectrum-say-my-name-acappella,Florence + The Machine,Spectrum (Say My Name) (Acappella),4,GBUM71203723,https://www.beatport.com/track/spectrum-say-my-name/23580463,medium,beatport
guest-who-footwurk-mi-corazon-https-sh-micorazon,Guest Who & FOOTWURK,Mi Corazon https://sh-micorazon,4,US38Y2306048,https://www.beatport.com/track/mi-corazon/18225538,medium,beatport
hardwell-w-w-jumper-acappella,Hardwell & W&W,Jumper (Acappella),4,NLS241203781,https://www.beatport.com/track/jumper/5147844,medium,beatport
ivan-gough-feenixpawl-ft-georgi-kay-in-my-mind-acappella,Ivan Gough & Feenixpawl ft. Georgi Kay,In My Mind (Acappella),4,GBKCF1500399,https://www.beatport.com/track/in-my-mind-feat-georgi-kay/6985197,medium,beatport
joel-corry-shine,Joel Corry,Shine,4,,,low,no-match
jonna-javonntte-jus-move-soulphiction-s-4am-mix,"Jonna, Javonntte",Jus Move (Soulphiction's 4AM Mix),4,NL1AG1800035,https://www.beatport.com/track/jus-move/15425405,high,beatport
juste-jaxstyle-jon-turn-the-lights-off-afrojack-remix-extended-mix,"Justė, Jaxstyle, Jon",Turn The Lights Off (AFROJACK Remix) [Extended Mix],4,NLZ542600247,https://www.beatport.com/track/turn-the-lights-off/29130014,high,beatport
majestic-annihilator-is-out-now-https-lnk-to-maj-ann,Majestic,Annihilator is out now  https://lnk.to/MAJ-ANN,4,US39N2302878,https://www.beatport.com/track/annihilator/17581613,medium,beatport
moxy-edits-moxy-edits-001-original-mix,Moxy Edits,Moxy Edits 001 (Original Mix),4,US23A9666785,,medium,musicbrainz
nk-marzuz-furnish,"NK', marzuz",Furnish,4,,,low,no-match
pls-ty-what-eva-demons,PLS&TY & WHAT EVA,Demons,4,USDM32580902,https://www.beatport.com/track/demons/22273731,high,beatport
r3wire-the-sound-https-lnk-to-r3-sound,R3WIRE,The Sound https://lnk.to/r3-sound,4,US38Y2306046,https://www.beatport.com/track/the-sound/18225536,medium,beatport
rbor-tayllor-craya-mr-v-home-feat-mr-v-extended-mix,"RBØR, Tayllor, Craya, Mr. V",Home (feat. Mr. V) [Extended Mix],4,,,low,no-match
rebellious-suhnz-maf3sto-musique-protocol-original-mix,"Rebellious Suhnz, Maf3sto Musique",Protocol (Original Mix),4,GBKQU2203379,https://www.beatport.com/track/protocol/22433146,high,beatport
roxe-smack-https-lnk-to-rx-smack,Roxe,Smack https://lnk.to/RX-SMACK,4,US39N2301399,https://www.beatport.com/track/smack/17476965,medium,beatport
subshift-silque-freak-out-https-lnk-to-sh-freakout,SUBSHIFT & Silque,Freak Out https://lnk.to/sh-freakout,4,US38Y2306047,https://www.beatport.com/track/freak-out/18225537,medium,beatport
th-en-ice-lips-original-mix,TH;EN,Ice Lips (Original Mix),4,NLEW22600053,https://www.beatport.com/track/ice-lips/28862399,high,beatport
the-temper-trap-sweet-disposition-acappella,The Temper Trap,Sweet Disposition (Acappella),4,GBZUZ0900025,https://www.beatport.com/track/sweet-disposition/891995,medium,beatport
tiello-amancay-life-goes-on-original-mix,"Tiello, Amancay",(Life) Goes On (Original Mix),4,GBKQU2614244,https://www.beatport.com/track/life-goes-on/24002915,high,beatport
tiga-vs-audion-let-s-go-dancing-acappella,Tiga vs. Audion,Let's Go Dancing (Acappella),4,NL8RL2338522,https://www.beatport.com/track/let-s-go-dancing/18525383,medium,beatport
us-two-bamako-extended-mix,Us Two,Bamako (Extended Mix),4,GBKQU2629641,https://www.beatport.com/track/bamako/28822347,high,beatport
utopia-greenjack-enigma-extended-mix,"UTOPIA, Greenjack",Enigma (Extended Mix),4,QM4TW2621055,https://www.beatport.com/track/enigma/23447664,high,beatport
4444-of-a-kind-d-block-s-te-fan-sub-zero-project-waiting-4-extended-mix,"4444 OF A KIND, D-Block & S-te-Fan, Sub Zero Project",Waiting 4 (Extended Mix),3,BE5KW2601175,https://www.beatport.com/track/waiting-4/29316471,high,beatport
adam-ten-volkoder-got-me-crazy-original-mix,"Adam Ten, Volkoder",Got Me Crazy (Original Mix),3,QM6MZ2661739,https://www.beatport.com/track/got-me-crazy/27150245,medium,beatport
afrojack-gil-glaze-allein-extended-mix,"Afrojack, Gil Glaze",Allein (Extended Mix),3,NLZ542600325,https://www.beatport.com/track/allein/29533549,high,beatport
ahmed-helmy-doppenberg-pres-hel-brg-vs-armin-van-buuren-susana-talla-2xlc-break-it-down-vs-shivers-armin-van-buuren-mashup,Ahmed Helmy & Doppenberg pres. HEL:BRG vs. Armin van Buuren & Susana & Talla 2XLC,Break It Down vs. Shivers (Armin van Buuren Mashup),3,NLF710500385,https://www.beatport.com/track/shivers/14868949,medium,beatport
alesso-sentinel-vs-avicii-only-you-vs-without-you-jaybee-mashup,Alesso & Sentinel vs. Avicii,Only You vs. Without You (JAYBEE Mashup),3,USUG12303580,https://www.beatport.com/track/without-you/17794610,medium,beatport
alesso-pendulum-fade-too-biased-extended-remix,"Alesso, Pendulum",FADE (TOO BIASED Extended Remix),3,USUG12603707,https://www.beatport.com/track/fade/28779311,medium,beatport
alesso-sacha-destiny-extended-mix,"Alesso, SACHA",Destiny (Extended Mix),3,USUG12508430,https://www.beatport.com/track/destiny/22279721,high,beatport
alice-deejay-better-off-alone-pickle-remix,Alice Deejay,Better Off Alone (Pickle Remix),3,NLC521110001,https://www.beatport.com/track/better-off-alone-laidback-luke-remix/2012254,medium,beatport
alok-jim-cummings-rave-the-world-feat-jim-cummings-extended-mix,"Alok, Jim Cummings",Rave The World (feat. Jim Cummings) [Extended Mix],3,BCCNG2600081,https://www.beatport.com/track/rave-the-world-feat-jim-cummings/29654082,medium,beatport
anotr-ft-54-ultra-talk-to-you-hardwell-bootleg,ANOTR ft. 54 Ultra,Talk To You (Hardwell Bootleg),3,GBKQU2622156,https://www.beatport.com/track/talk-to-you/28394730,medium,beatport
armin-van-buuren-hardwell-vs-blasterjaxx-follow-the-beat-of-the-drum-hardwell-mashup,Armin van Buuren & Hardwell vs. Blasterjaxx,Follow The Beat Of The Drum (Hardwell Mashup),3,,,low,no-match
armin-van-buuren-richard-durand-dicosis-always-you-asot-2026-elevation-anthem,Armin van Buuren & Richard Durand & Dicosis,Always You (ASOT 2026 ELEVATION Anthem),3,,,low,no-match
armin-van-buuren-skytech-vs-empire-of-the-sun-walking-on-a-dream-dj-arman-aveiru-she-a-freak-edit,Armin van Buuren & Skytech vs. Empire Of The Sun,Walking On A Dream (DJ Arman Aveiru She A Freak Edit),3,AU2DY2500350,https://www.beatport.com/track/walking-on-a-dream/20832384,medium,beatport
armin-van-buuren-ft-sacha-set-me-free-vip-mix,Armin van Buuren ft. SACHA,Set Me Free (VIP Mix),3,NLF712506149,https://www.beatport.com/track/set-me-free/21795965,medium,beatport
armin-van-buuren-ft-sharon-den-adel-in-and-out-of-love-ben-hemsley-remix,Armin van Buuren ft. Sharon Den Adel,In And Out Of Love (Ben Hemsley Remix),3,NLF710800433,https://www.beatport.com/track/in-and-out-of-love/14868875,medium,beatport
asher-swissa-t-puse-halfa,"ASHER SWISSA, T-Puse",Halfa,3,,,low,no-match
avicii-ft-ras-the-nights-acappella,Avicii ft. RAS,The Nights (Acappella),3,CHB701400038,https://www.beatport.com/track/the-nights/24340753,medium,beatport
avicii-ft-simon-aldred-waiting-for-love-acappella,Avicii ft. Simon Aldred,Waiting For Love (Acappella),3,CHB701400134,https://www.beatport.com/track/waiting-for-love/24339906,high,beatport
avicii-vs-journey-levels-vs-don-t-stop-believin-david-guetta-mashup,Avicii vs. Journey,Levels vs. Don't Stop Believin' (David Guetta Mashup),3,SEUM71100962,https://www.beatport.com/track/levels/15757104,medium,beatport
axwell-ingrosso-more-than-you-know-acappella,Axwell Λ Ingrosso,More Than You Know (Acappella),3,GBUM71704254,https://www.beatport.com/track/more-than-you-know/9666177,medium,beatport
axwell-ingrosso-ft-trevor-guthrie-dreamer,Axwell Λ Ingrosso ft. Trevor Guthrie,Dreamer,3,GBUM71706233,https://www.beatport.com/track/dreamer/15716956,high,beatport
billy-kenny-kyle-watson-wiggly-worm,"Billy Kenny, Kyle Watson",Wiggly Worm,3,,,low,no-match
biscits-crush-extended-mix,Biscits,Crush (Extended Mix),3,US38Y2529374,https://www.beatport.com/track/crush/20362602,high,beatport
biscits-freak-extended-mix,Biscits,Freak (Extended Mix),3,US38Y2429915,https://www.beatport.com/track/freak/19787118,high,beatport
bruno-mars-locked-out-of-heaven-acappella,Bruno Mars,Locked Out Of Heaven (Acappella),3,USAT21207624,https://www.beatport.com/track/locked-out-of-heaven/4086767,medium,beatport
charlie-sloth-mazza-l20-giggs-sleep-james-hype-remix,Charlie Sloth & Mazza L20 & Giggs,Sleep (James Hype Remix),3,QT5M42504593,https://www.beatport.com/track/sleep/29914059,high,beatport
chuck-nash-are-you-ready-make-some-noise-acappella,Chuck Nash,Are You Ready (Make Some Noise) (Acappella),3,,,low,no-match
daft-punk-harder-better-faster-stronger-acappella,Daft Punk,"Harder, Better, Faster, Stronger (Acappella)",3,GBDUW0100021,https://www.beatport.com/track/harder-better-faster-stronger/26762818,medium,beatport
daft-punk-around-the-world-westend-edit,DAFT PUNK,AROUND THE WORLD (WESTEND EDIT),3,GBDUW0600057,https://www.beatport.com/track/around-the-world/5811846,medium,beatport
dantiez-mauro-venti-the-saunderson-brothers-jkln-you-move-me-extended-mix,"Dantiez, Mauro Venti, The Saunderson Brothers, JKLN",You Move Me (Extended Mix),3,,,low,no-match
david-guetta-benny-benassi-satisfaction-extended-mix,"David Guetta, Benny Benassi",Satisfaction (Extended Mix),3,UKWLG2200053,https://www.beatport.com/track/satisfaction/16791237,high,beatport
delerium-ft-sarah-mclachlan-silence-acappella,Delerium ft. Sarah McLachlan,Silence (Acappella),3,CAN119800115,https://www.beatport.com/track/silence-feat-sarah-mclachlan/20354468,medium,beatport
dillon-francis-marten-horger-on-a-trip-extended-mix,"Dillon Francis, Marten Horger",On A Trip (Extended Mix),3,USUG12308756,https://www.beatport.com/track/on-a-trip/18343043,high,beatport
dimitri-vegas-like-mike-martin-garrix-tremor-sensation-2014-anthem-3-2-1-go-acappella,Dimitri Vegas & Like Mike & Martin Garrix,"Tremor (Sensation 2014 Anthem) (3, 2, 1 Go Acappella)",3,NLZ541400192,https://www.beatport.com/track/tremor/5318186,medium,beatport
dom-dolla-nathan-nicholson-no-room-for-a-saint-from-f1-the-movie-walker-royce-remix,Dom Dolla & Nathan Nicholson,No Room For A Saint (From F1® The Movie) (Walker & Royce Remix),3,,,low,no-match
dom-dolla-clementine-douglas-miracle-maker-extended-mix,"Dom Dolla, Clementine Douglas",Miracle Maker (Extended Mix),3,USQX92201882,https://www.beatport.com/track/miracle-maker/16686306,high,beatport
dom-dolla-odd-mob-saving-up-odd-mob-extended-remix,"Dom Dolla, Odd Mob",Saving Up (Odd Mob Extended Remix),3,USQX92400010,https://www.beatport.com/track/saving-up/18573423,high,beatport
drake-central-cee-which-one-james-hype-remix,Drake & Central Cee,Which One (James Hype Remix),3,USUG12506621,https://www.beatport.com/track/which-one/24377006,medium,beatport
dusky-rromarin-next-life-anjunadeep,Dusky & Rromarin,Next Life (Anjunadeep),3,,,low,no-match
dvbbs-borgeous-tsunami-hardwell-bootleg,DVBBS & BORGEOUS,Tsunami (Hardwell Bootleg),3,NLWV71300031,https://www.beatport.com/track/tsunami/24797733,medium,beatport
dvbbs-borgeous-hardwell-vs-kshmr-jarrad-kritzstein-tsunami-vs-power-hardwell-mashup,DVBBS & BORGEOUS & Hardwell vs. KSHMR & Jarrad Kritzstein,Tsunami vs. Power (Hardwell Mashup),3,NLWV71300021,https://www.beatport.com/track/tsunami/4625703,medium,beatport
eelke-kleijn-x-budakid-feat-nathan-nicholson-another-life-days-like-nights,Eelke Kleijn x Budakid feat. Nathan Nicholson,Another Life (DAYS like NIGHTS),3,NLF712603876,https://www.beatport.com/track/another-life/29577574,medium,beatport
empire-of-the-sun-alive-alok-extended-remix,Empire Of The Sun,Alive (Alok Extended Remix),3,AU2DY2500523,https://www.beatport.com/track/alive/22680158,medium,beatport
enai-victor-garde-ceres-that-s-my-sh-t-original-mix,"Enai, Victor Garde, CERES",That's My Sh*T (Original Mix),3,GBKQU2675381,https://www.beatport.com/track/that-s-my-sh-t/29676887,medium,beatport
eric-prydz-ft-tom-cane-generate,Eric Prydz ft. Tom Cane,Generate,3,GBUM71507634,https://www.beatport.com/track/generate/15744364,high,beatport
esse-ill-behavior,ESSE,Ill Behavior,3,,,low,no-match
esse-music-is-the-answer-2,ESSE,Music Is The Answer,3,,,low,no-match
esse-vs-dom-dolla-work-it-vs-take-it-dom-dolla-mashup,ESSE vs. Dom Dolla,Work It vs. Take It (Dom Dolla Mashup),3,AUDCB1701203,https://www.beatport.com/track/take-it/10779666,medium,beatport
fatima-yamaha-what-s-a-girl-to-do-layton-giordani-remix,Fatima Yamaha,What's A Girl To Do (Layton Giordani Remix),3,NLW042100232,https://www.beatport.com/track/what-s-a-girl-to-do/20325340,high,beatport
fedde-le-grand-rhythm-of-the-night-fedde-le-grand-remix,Fedde Le Grand,Rhythm Of The Night (Fedde Le Grand Remix),3,NLG3N1600025,https://www.beatport.com/track/rhythm-of-the-night/7938735,medium,beatport
fedde-le-grand-vs-fisher-back-n-forth-vs-you-little-beauty-mashup,Fedde Le Grand vs Fisher,Back N Forth vs You Little Beauty (Mashup),3,CA5KR1923937,https://www.beatport.com/track/you-little-beauty/11867846,medium,beatport
felix-da-housecat-ft-miss-kittin-silver-screen-shower-scene-alexander-delanois-private-mix,Felix Da Housecat ft. Miss Kittin,Silver Screen Shower Scene (Alexander Delanois Private Mix),3,GBJX32716061,https://www.beatport.com/track/silver-screen-shower-scene/9804259,medium,beatport
felix-jaehn-sophie-ellis-bextor-ready-for-your-love-odd-mob-extended-remix,"felix jaehn, Sophie Ellis-Bextor",Ready For Your Love (Odd Mob Extended Remix),3,DEUM72408283,https://www.beatport.com/track/ready-for-your-love/19349790,high,beatport
fendjou-no-seatbelt-original-mix,FENDJOU,No Seatbelt (Original Mix),3,GBKQU2670030,https://www.beatport.com/track/no-seatbelt/29510307,high,beatport
frank-savio-central-state,Frank Savio,Central State,3,,,low,no-match
frankie-knuckles-pres-marshall-jefferson-move-your-body-acappella,Frankie Knuckles pres. Marshall Jefferson,Move Your Body (Acappella),3,USUS11200175,https://www.beatport.com/track/move-your-body/3380518,medium,beatport
gabss-so-good-original-mix,Gabss,So Good (Original Mix),3,GBKQU2627139,https://www.beatport.com/track/so-good/26893192,high,beatport
gaddi-desire-original-mix,Gaddi,Desire (Original Mix),3,QT47L2600204,https://www.beatport.com/track/desire/29459749,medium,beatport
goo-goo-dolls-steve-aoki-vs-mosmoz-iris-vs-put-it-in-reverse-hyro-mashup,Goo Goo Dolls & Steve Aoki vs. Mosmoz,Iris vs. Put It In Reverse (Hyro Mashup),3,USWB10704707,https://www.beatport.com/track/iris/20841873,medium,beatport
green-velvet-detlef-bounce-ur-body-extended-mix,"Green Velvet, Detlef",Bounce UR Body (Extended Mix),3,GXFCP2600196,https://www.beatport.com/track/bounce-ur-body/29206280,high,beatport
grum-you-make-me-feel-anjunabeats,Grum,You Make Me Feel (Anjunabeats),3,GBEWA2602501,https://www.beatport.com/track/you-make-me-feel/29096212,medium,beatport
hardwell-kshmr-ft-jarrad-kritzstein-power-acappella,Hardwell & KSHMR ft. Jarrad Kritzstein,Power (Acappella),3,NLZ541700899,https://www.beatport.com/track/power/9762317,medium,beatport
hardwell-w-w-bangkok,Hardwell & W&W,Bangkok,3,NL8RL2670119,https://www.beatport.com/track/bangkok/29613967,high,beatport
hardwell-ft-amba-shepherd-apollo-acappella,Hardwell ft. Amba Shepherd,Apollo (Acappella),3,NLS241203287,https://www.beatport.com/track/apollo-feat-amba-shepherd/4486180,medium,beatport
id-a-state-of-trance-id-003-asot-1248-service-for-dreamers,ID,A State of Trance ID #003 (ASOT 1248) [Service For Dreamers],3,US83Z2348062,https://www.beatport.com/track/id/19107358,medium,beatport
industrial-sound-dance-arena-pt-1,Industrial Sound,"Dance Arena, Pt.1",3,,,low,no-match
james-hype-rock-right-now,James Hype,Rock Right Now,3,,,low,no-match
james-hype-hit-that-switch,James Hype,Hit That Switch,3,,,low,no-match
james-hype-dominator,James Hype,Dominator,3,,,low,no-match
james-hype-don-t-wake-me-up-vip-mix,James Hype,Don't Wake Me Up (VIP Mix),3,GBUM72500144,https://www.beatport.com/track/don-t-wake-me-up/20021944,medium,beatport
james-hype-east-2-west,James Hype,East 2 West,3,,,low,no-match
james-hype-generator,James Hype,Generator,3,,,low,no-match
james-hype-trigger-finger-extended-mix,James Hype,Trigger Finger (Extended Mix),3,US39N2676240,https://www.beatport.com/track/trigger-finger/28334015,high,beatport
james-hype-tita-lau-sound-technician,James Hype & Tita Lau,Sound Technician,3,,,low,no-match
joel-corry-x-taylr-renee-idgaf,Joel Corry x Taylr Renee,IDGAF,3,,,low,no-match
joel-corry-x-taylr-renee-idgaf-2,Joel Corry x Taylr Renee,idgaf,3,,,low,no-match
joris-voorn-x-ferry-corsten-x-moonman-don-t-be-afraid-spectrum,Joris Voorn x Ferry Corsten x Moonman,Don’t Be Afraid [Spectrum],3,NLEW22600007,https://www.beatport.com/track/don-t-be-afraid/23965454,high,beatport
julio-bashmore-battle-for-middle-you,Julio Bashmore,Battle For Middle You,3,GBR9R1100001,https://www.beatport.com/track/battle-for-middle-you/1639380,high,beatport
justice-vs-simian-we-are-your-friends-acappella,Justice vs. Simian,We Are Your Friends (Acappella),3,GBAAA0600209,https://www.beatport.com/track/we-are-your-friends/17302675,medium,beatport
justin-bieber-ft-nicki-minaj-beauty-and-a-beat-steve-aoki-twiig-lyndo-remix,Justin Bieber ft. Nicki Minaj,Beauty And A Beat (Steve Aoki & TWIIG & LYNDO Remix),3,USUM71205367,https://www.beatport.com/track/beauty-and-a-beat/20910871,medium,beatport
kendoll-id,Kendoll,ID,3,,,low,no-match
ki-ki-losing-control-extended-mix,KI/KI,Losing Control (Extended Mix),3,USUG12505960,https://www.beatport.com/track/losing-control/21027823,high,beatport
kid-cudi-ft-mgmt-ratatat-pursuit-of-happiness-medun-remix,Kid Cudi ft. MGMT & Ratatat,Pursuit Of Happiness (MEDUN Remix),3,USUM70917762,https://www.beatport.com/track/pursuit-of-happiness/12110556,medium,beatport
kid-cudi-ft-mgmt-ratatat-pursuit-of-happiness-steve-aoki-remix-lonely-club-vip-remix,Kid Cudi ft. MGMT & Ratatat,Pursuit Of Happiness (Steve Aoki Remix / Lonely Club VIP Remix),3,USUM70917762,https://www.beatport.com/track/pursuit-of-happiness/24360008,medium,beatport
kirsty-hawkshaw-meets-tenishia-outsiders-cosmic-gate-remix,Kirsty Hawkshaw meets Tenishia,Outsiders (Cosmic Gate Remix),3,NLF710702094,https://www.beatport.com/track/outsiders-feat-tenishia/945227,medium,beatport
kosheen-x-ferry-corsten-catch-armada,Kosheen x Ferry Corsten,Catch [Armada],3,GBAZG2110407,https://www.beatport.com/track/catch/15602051,high,beatport
lady-gaga-ft-colby-o-donis-just-dance-acraze-remix,Lady GaGa ft. Colby O'Donis,Just Dance (ACRAZE Remix),3,USUM70807646,https://www.beatport.com/track/just-dance/20902210,medium,beatport
lilly-palmer-dream,Lilly Palmer,Dream,3,,,low,no-match
lilly-palmer-hey-you,Lilly Palmer,Hey You,3,,,low,no-match
linkin-park-what-i-ve-done-acappella,Linkin Park,What I've Done (Acappella),3,USWB11702183,https://www.beatport.com/track/what-i-ve-done/25581993,medium,beatport
loofy-last-night-anyma-layton-giordani-remix,Loofy,Last Night (Anyma & Layton Giordani Remix),3,USNRS2443513,https://www.beatport.com/track/last-night/19004353,medium,beatport
lost-frequencies-argy-rhys-from-the-sticks-summer-skies-love-to-cry-extended-version,"Lost Frequencies, Argy, rhys from the sticks.",Summer Skies (Love To Cry) (Extended Version),3,BEHP42500016,https://www.beatport.com/track/summer-skies-love-to-cry/20795419,medium,beatport
madonna-music-acappella,Madonna,Music (Acappella),3,,,low,no-match
mandy-dream-bigger-extended-mix,MANDY,Dream Bigger (Extended Mix),3,BE5KW2601151,https://www.beatport.com/track/dream-bigger/29717149,high,beatport
marlon-hoffstadt-turn-it-up-extended-mix,Marlon Hoffstadt,Turn It Up (Extended Mix),3,USUG12505965,,medium,musicbrainz
martin-garrix-bebe-rexha-in-the-name-of-love-acappella,Martin Garrix & Bebe Rexha,In The Name Of Love (Acappella),3,NLM5S1600022,https://www.beatport.com/track/in-the-name-of-love/8579507,medium,beatport
mau-p-gimme-that-bounce-extended-mix,Mau P,Gimme That Bounce (Extended Mix),3,NLRD52264072,https://www.beatport.com/track/gimme-that-bounce/17685864,medium,beatport
max-styler-vs-tiga-audion-hypnotic-vs-let-s-go-dancing-max-styler-edit,Max Styler vs. Tiga & Audion,Hypnotic vs. Let's Go Dancing (Max Styler Edit),3,US38Y2308530,https://www.beatport.com/track/hypnotic/26770141,medium,beatport
mgmt-kids-men-machine-rework,MGMT,Kids (Men Machine Rework),3,USSM10702135,https://www.beatport.com/track/kids/24359294,medium,beatport
mike-williams-the-beat-mike-williams-techno-edit,Mike Williams,The Beat (Mike Williams Techno Edit),3,NLQ8D1800177,https://www.beatport.com/track/the-beat/11134426,medium,beatport
mike-williams-brooks-drop-the-pressure,Mike Williams & Brooks,Drop The Pressure,3,,,low,no-match
mike-williams-ft-dtale-living-on-video-vip-mix,Mike Williams ft. DTale,Living On Video (VIP Mix),3,NLZ542300555,https://www.beatport.com/track/living-on-video-feat-dtale-vip-mix/17658162,medium,beatport
miss-monique-hrrtz-jantine-is-anyone-there-extended-mix,"Miss Monique, HRRTZ, Jantine",Is Anyone There (Extended Mix),3,QMDA62560304,https://www.beatport.com/track/is-anyone-there/20764287,high,beatport
miss-monique-nicolas-taboada-franco-ba-ghosts-extended-mix,"Miss Monique, Nicolas Taboada, FRANCO BA",Ghosts (Extended Mix),3,,,low,no-match
morten-rotation-extended-mix,MORTEN,Rotation (Extended Mix),3,UKWLG2600023,https://www.beatport.com/track/rotation/24231018,high,beatport
morten-david-guetta-la-revolution-extended-mix,"MORTEN, David Guetta",La Révolution (Extended Mix),3,UKWLG2600063,https://www.beatport.com/track/la-revolution/29754783,high,beatport
mr-polska-natte-visstick-vieze-asbak-polska-jumpstyle-kaai-remix,Mr. Polska & Natte Visstick & Vieze Asbak,POLSKA JUMPSTYLE (KAAI Remix),3,QZTGW2403314,https://www.beatport.com/track/polska-jumpstyle/20060603,medium,beatport
nandipha808-ceeka-rsa-forgive-our-trespasses-feat-demaloviolinist,Nandipha808 & Ceeka RSA,Forgive Our Trespasses (feat. DemaloViolinist),3,ZA56E2304205,https://www.beatport.com/track/forgive-our-trespasses-feat-ceeka-rsa/18819336,medium,beatport
nari-milani-atom-squ4re-2024-edit,Nari & Milani,Atom (SQU4RE 2024 Edit),3,USYBL1400340,https://www.beatport.com/track/atom/5517061,medium,beatport
pax-rui-da-silva-touch-me-original-mix,"PAX, Rui Da Silva",Touch Me (Original Mix),3,GBJAJ2001196,https://www.beatport.com/track/touch-me/13577515,medium,beatport
phil-kieran-vs-mk-dom-dolla-skyhook-2-vs-rhyme-dust-dom-dolla-edit,Phil Kieran vs. MK & Dom Dolla,Skyhook 2 vs. Rhyme Dust (Dom Dolla Edit),3,,https://www.beatport.com/track/skyhook/1456963,medium,beatport
pls-ty-carry-the-light,PLS&TY,Carry The Light,3,USDM32580702,https://www.beatport.com/track/carry-the-light/21590411,high,beatport
quintino-breathe-carolina-giacobbi-do-you-want-it-right-now-original-mix,"Quintino, Breathe Carolina, GIACOBBI",Do You Want It Right Now (Original Mix),3,GBKQU2646708,https://www.beatport.com/track/do-you-want-it-right-now/28742306,medium,beatport
r3hab-izzy-bizu-if-i-could-stop-time-extended-mix,"R3HAB, Izzy Bizu",If I could stop time... (Extended Mix),3,AEA2D2600539,https://www.beatport.com/track/if-i-could-stop-time/29307794,high,beatport
rafael-cerato-cash,Rafael Cerato,Cash,3,FRX282671347,https://www.beatport.com/track/cash/29883273,medium,beatport
remcord-bascou-remi-utopia,Remcord/Bascou Rémi,Utopia,3,DEVU52632283,https://www.beatport.com/track/utopia/28909768,high,beatport
robin-schulz-marten-horger-arizona-extended-mix,"Robin Schulz, Marten Horger",Arizona (Extended Mix),3,DEA622600938,https://www.beatport.com/track/arizona/29211204,high,beatport
samuele-sartini-family-affair-original-mix,Samuele Sartini,Family Affair (Original Mix),3,QT47L2600041,https://www.beatport.com/track/family-affair/28873768,medium,beatport
sebastian-ingrosso-alesso-ryan-tedder-vs-martin-garrix-dua-lipa-calling-vs-scared-to-be-lonely-martin-garrix-mashup,Sebastian Ingrosso & Alesso & Ryan Tedder vs. Martin Garrix & Dua Lipa,Calling vs. Scared To Be Lonely (Martin Garrix Mashup),3,NLM5S1600041,https://www.beatport.com/track/scared-to-be-lonely/9092136,medium,beatport
sebastian-ingrosso-alesso-ft-ryan-tedder-calling-lose-my-mind-hardwell-w-w-bootleg,Sebastian Ingrosso & Alesso ft. Ryan Tedder,Calling (Lose My Mind) (Hardwell & W&W Bootleg),3,GBJ4B1200077,https://www.beatport.com/track/calling-lose-my-mind/15757514,medium,beatport
sebastian-ingrosso-tommy-trash-john-martin-vs-green-velvet-nicky-romero-reload-vs-flash-axwell-ingrosso-mashup,Sebastian Ingrosso & Tommy Trash & John Martin vs. Green Velvet & Nicky Romero,Reload vs. Flash (Axwell Λ Ingrosso Mashup),3,GBJ4B1200097,https://www.beatport.com/track/reload/3792349,medium,beatport
sebastian-ingrosso-tommy-trash-ft-john-martin-reload-acappella,Sebastian Ingrosso & Tommy Trash ft. John Martin,Reload (Acappella),3,GBJ4B1300159,https://www.beatport.com/track/reload/15719627,medium,beatport
sebastien-benett-let-me-see-those-hands-acappella,Sebastien Benett,Let Me See Those Hands (Acappella),3,CABL41202521,https://www.beatport.com/track/let-me-see-those-hands/4508535,medium,beatport
shakedown-at-night-anyma-layton-giordani-remix,Shakedown,At Night (Anyma & Layton Giordani Remix),3,GBCPZ2524602,https://www.beatport.com/track/at-night/20661162,medium,beatport
steve-aoki-autoerotique-vs-dimitri-vegas-like-mike-feedback-steve-aoki-stephen-hurtley-2026-remix,Steve Aoki & AutoErotique vs. Dimitri Vegas & Like Mike,Feedback (Steve Aoki & Stephen Hurtley 2026 Remix),3,USDM31400017,,medium,musicbrainz
steve-aoki-ely-oaks-sacha-gravity-hyro-remix,Steve Aoki & Ely Oaks & SACHA,Gravity (Hyro Remix),3,USDM32685302,,medium,musicbrainz
steve-aoki-kaaze-ft-john-martin-whole-again-steve-aoki-stephen-hurtley-2026-remix,Steve Aoki & KAAZE ft. John Martin,Whole Again (Steve Aoki & Stephen Hurtley 2026 Remix),3,USDM32245302,https://www.beatport.com/track/whole-again/16725159,medium,beatport
steve-aoki-moxie-i-love-it-when-you-cry-moxoki-acappella,Steve Aoki & Moxie,I Love It When You Cry (Moxoki) (Acappella),3,USUS11203471,https://www.beatport.com/track/i-love-it-when-you-cry-moxoki/6766219,medium,beatport
steve-aoki-ft-linney-heaven,Steve Aoki ft. LINNEY,Heaven,3,,,low,no-match
swedish-house-mafia-ft-john-martin-don-t-you-worry-child-acappella,Swedish House Mafia ft. John Martin,Don't You Worry Child (Acappella),3,GBAAA1200743,https://www.beatport.com/track/don-t-you-worry-child/21129054,medium,beatport
teriyaki-boyz-tokyo-drift-the-fast-and-the-furious-tokyo-drift-ost,Teriyaki Boyz,Tokyo Drift (The Fast And The Furious: Tokyo Drift OST),3,,,low,no-match
the-prodigy-breathe-james-hype-edit,The Prodigy,Breathe (James Hype Edit),3,GBBKS9600041,https://www.beatport.com/track/breathe/14183675,high,beatport
tim-berg-bromance-stephen-hurtley-bootleg,Tim Berg,Bromance (Stephen Hurtley Bootleg),3,CH3131000063,https://www.beatport.com/track/bromance/26765490,medium,beatport
tove-lo-habits-stay-high-acappella,Tove Lo,Habits (Stay High) (Acappella),3,SEUM71401250,https://www.beatport.com/track/habits-stay-high/25587752,medium,beatport
westend-dave-summer-love-spell-extended-mix,Westend/Dave Summer,Love Spell (Extended Mix),3,QMFME2489750,https://www.beatport.com/track/love-spell/19919294,high,beatport
will-atkinson-marching-powder-original-mix,Will Atkinson,Marching Powder (Original Mix),3,GBLV62502435,https://www.beatport.com/track/marching-powder/21997592,high,beatport
zappi-ibiza-mangwana,ZAPPI Ibiza,Mangwana,3,,,low,no-match
14-cielll-tethered-extended-mix-musical-freedom,"14	CIElll",Tethered (Extended Mix) Musical Freedom,2,NLZ542600254,https://www.beatport.com/track/tethered/28942076,medium,beatport
16-cuebrick-charles-b-nobilee-alors-on-danse-extended-mix-actuation,"16	Cuebrick, Charles B, Nobilee",Alors On Danse (Extended Mix) Actuation,2,,,low,no-match
2seater-street-playaz,2Seater,Street Playaz,2,,,low,no-match
4444-of-a-kind-hardwell-re4son,4444 OF A KIND & Hardwell,RE4SON,2,,,low,no-match
4b-teez-whistle,4B & TEEZ,Whistle,2,NLRD51845364,https://www.beatport.com/track/whistle/10527819,high,beatport
a-ap-rocky-long-live-a-ap-cozy-kev-flip,A$AP Rocky,Long Live A$AP (Cozy Kev Flip),2,USRC11201359,https://www.beatport.com/track/long-live-a-ap/24347607,medium,beatport
abba-gimme-gimme-gimme-a-man-after-midnight-hawk-vip-edit,ABBA,Gimme! Gimme! Gimme! (A Man After Midnight) (HÄWK VIP Edit),2,SEAYD7901120,https://www.beatport.com/track/gimme-gimme-gimme-a-man-after-midnight/20891242,medium,beatport
abba-hawk-vs-loud-n-bright-nicky-romero-vs-gala-gimme-gimme-gimme-vs-to-the-floor-vs-freed-from-desire-nicky-romero-mashup,ABBA & HÄWK vs. Loud 'N Bright & Nicky Romero vs. Gala,Gimme Gimme Gimme vs. To The Floor vs. Freed From Desire (Nicky Romero Mashup),2,GBBLY1402075,https://www.beatport.com/track/gimme-gimme-gimme/27737307,medium,beatport
above-beyond-major-drop-anjunabeats,Above & Beyond,Major Drop (Anjunabeats),2,GBEWA2602561,https://www.beatport.com/track/major-drop/29131563,medium,beatport
above-beyond-sun-in-your-eyes-marsh-remix-anjunabeats,Above & Beyond,Sun In Your Eyes (Marsh Remix) [Anjunabeats],2,GBEWA2505371,https://www.beatport.com/track/sun-in-your-eyes/22006157,medium,beatport
adam-port-stryv-ft-malachiii-move-jezza-jod-edit,Adam Port & Stryv ft. Malachiii,Move (Jezza & Jod Edit),2,DEEC33501507,https://www.beatport.com/track/move-feat-malachiii/19119572,medium,beatport
adele-rolling-in-the-deep-acappella,Adele,Rolling In The Deep (Acappella),2,GBBKS1000335,https://www.beatport.com/track/rolling-in-the-deep/22444852,medium,beatport
adham-zahran-outersphere,Adham Zahran,Outersphere,2,,,low,no-match
adne-gdm,Adne,GDM,2,ITA061302933,https://www.beatport.com/track/gdm/22444453,medium,beatport
affkt-tarambana-neir-tunnel-vision-mix,AFFKT,Tarambana (NEIR Tunnel Vision Mix),2,ES35G1200820,https://www.beatport.com/track/tarambana/16455194,high,beatport
afrojack-martin-garrix-turn-up-the-speakers-julian-jordan-remix,AFROJACK & Martin Garrix,Turn Up The Speakers (Julian Jordan Remix),2,NLZ541400648,https://www.beatport.com/track/turn-up-the-speakers/5701889,medium,beatport
afrojack-martin-garrix-david-guetta-amel-vs-rihanna-our-time-vs-right-now-nicky-romero-mashup,AFROJACK & Martin Garrix & David Guetta & Amél vs. Rihanna,Our Time vs. Right Now (Nicky Romero Mashup),2,NLZ542500379,https://www.beatport.com/track/our-time/20719825,medium,beatport
afrojack-steve-aoki-ft-miss-palmer-no-beef-steve-aoki-captain-curtis-remix,AFROJACK & Steve Aoki ft. Miss Palmer,No Beef (Steve Aoki & Captain Curtis Remix),2,USUS11100842,https://www.beatport.com/track/no-beef/3344143,medium,beatport
agus-zack-fonts-vs-calvin-harris-disciples-ina-wroldsen-gravity-vs-how-deep-is-your-love-hardwell-mashup,Agus Zack & Fønts vs. Calvin Harris & Disciples & Ina Wroldsen,Gravity vs. How Deep Is Your Love (Hardwell Mashup),2,NL8RL2540726,https://www.beatport.com/track/gravity/26680702,medium,beatport
aj-tracey-jorja-smith-crush-tape-b-flip,AJ Tracey & Jorja Smith,Crush (Tape B Flip),2,,,low,no-match
alaia-gallo-lipstick-tony-romera-mix,Alaia & Gallo,Lipstick (Tony Romera Mix),2,GBJAJ2601063,https://www.beatport.com/track/lipstick/29672055,medium,beatport
alesso-stupidisco,Alesso,Stupidisco,2,,,low,no-match
alesso-smoke-machine,Alesso,Smoke Machine,2,BE5KW2601065,https://www.beatport.com/track/smoke-machine/30172323,high,beatport
alesso-joa-tyree-cooper-vs-dimitri-vegas-like-mike-martin-garrix-turn-up-the-bass-vs-tremor-alesso-mashup,Alesso & JOA & Tyree Cooper vs. Dimitri Vegas & Like Mike & Martin Garrix,Turn Up The Bass vs. Tremor (Alesso Mashup),2,USA2P2628103,https://www.beatport.com/track/turn-up-the-bass/28807819,medium,beatport
alesso-onerepublic-vs-eric-prydz-andreas-postl-if-i-lose-myself-vs-mighty-love-alesso-mashup,Alesso & OneRepublic vs. Eric Prydz & Andreas Postl,If I Lose Myself vs. Mighty Love (Alesso Mashup),2,USUM71303190,https://www.beatport.com/track/if-i-lose-myself/15737518,medium,beatport
alesso-pendulum-vs-edward-maya-vika-jigulina-fade-vs-stereo-love-alesso-mashup,Alesso & Pendulum vs. Edward Maya & Vika Jigulina,FADE vs. Stereo Love (Alesso Mashup),2,USUG12600291,https://www.beatport.com/track/fade/23870871,medium,beatport
alesso-ft-matthew-koma-years-acappella,Alesso ft. Matthew Koma,Years (Acappella),2,GBJ4B1300138,https://www.beatport.com/track/years/15736916,medium,beatport
alesso-ft-nate-smith-i-like-it-alesso-sentinel-vip,Alesso ft. Nate Smith,I Like It (Alesso & Sentinel VIP),2,USUG12405153,https://www.beatport.com/track/i-like-it/26401570,medium,beatport
alesso-ft-nico-vinz-i-wanna-know-acappella,Alesso ft. Nico & Vinz,I Wanna Know (Acappella),2,USUG11600111,https://www.beatport.com/track/i-wanna-know/15740440,medium,beatport
alesso-vs-hailee-steinfeld-florida-georgia-line-watt-stupidisco-vs-let-me-go-alesso-mashup,Alesso vs. Hailee Steinfeld & Florida Georgia Line & Watt,Stupidisco vs. Let Me Go (Alesso Mashup),2,ES71G1846170,https://www.beatport.com/track/let-me-go/22965349,medium,beatport
alex-atenciano-mellizos-get-lit,Alex Atenciano & Mellizos,Get Lit,2,GBK6Y2551561,https://www.beatport.com/track/get-lit/22357631,high,beatport
alex-atenciano-mr-martin-give-me-the-rythm,Alex Atenciano & Mr Martin,Give Me The Rythm,2,,,low,no-match
alex-culross-ejeca-rhythm-of-the-house,Alex Culross & EJECA,Rhythm Of The House,2,GBKQU2657723,https://www.beatport.com/track/rhythm-of-the-house/29099904,high,beatport
alex-gold-que-pasa-xtravaganza,Alex Gold,Que Pasa (Xtravaganza),2,GBCUY2600001,https://www.beatport.com/track/que-pasa/24256492,medium,beatport
alexey-sonar-ramon-daler-sometimes-riko-gugga-remix-skytop,Alexey Sonar & Ramon Daler,Sometimes [RIKO & GUGGA Remix] (SkyTop),2,US83Z1778533,https://www.beatport.com/track/skytop/9382022,medium,beatport
alice-dj-better-off-alone,Alice DJ,Better Off Alone,2,NLC529811123,https://www.beatport.com/track/better-off-alone/15575284,high,beatport
alin-duta-turn-the-lights-off-kato-jon,ALIN DUTA,Turn The Lights Off (Kato & Jon),2,,,low,no-match
aliyah-s-interlude-it-girl-everything-always-remix,Aliyah's Interlude,IT GIRL (Everything Always Remix),2,QZTB22388736,https://www.beatport.com/track/it-girl/20877067,medium,beatport
allknight-no-way-out-colorize,ALLKNIGHT,No Way Out (Colorize),2,CA5KR2654283,https://www.beatport.com/track/no-way-out/29056985,medium,beatport
alok-fvck-your-bad-vibes-extended-mix,Alok,Fvck Your Bad Vibes (Extended Mix),2,BCCNG2600067,https://www.beatport.com/track/fvck-your-bad-vibes/29654080,high,beatport
alok-innerverse-frey-allein-allein-extended-mix,"Alok, INNERVERSE, FREY",Allein Allein (Extended Mix),2,DEE862401303,https://www.beatport.com/track/allein-allein/19320383,high,beatport
american-musician-and-dj-sullivan-king,American musician and DJ,Sullivan King,2,,,low,no-match
andrewboy-ft-moby-porcelain,Andrewboy ft. Moby,Porcelain,2,HUA220900028,https://www.beatport.com/track/porcelain/869924,high,beatport
anotr-ft-54-ultra-talk-to-you-eli-brown-bootleg,ANOTR ft. 54 Ultra,Talk To You (Eli Brown Bootleg),2,GBKQU2622156,https://www.beatport.com/track/talk-to-you/28394730,medium,beatport
anuqram-anfulage-sonderwave-anjunabeats,ANUQRAM & Anfulage,Sonderwave (Anjunabeats),2,GBEWA2602661,https://www.beatport.com/track/sonderwave/29267001,medium,beatport
armin-van-buuren-awake,Armin van Buuren,Awake,2,,,low,no-match
armin-van-buuren-i-live-for-that-energy-asot-800-theme-dan-harrison-remix,Armin van Buuren,I Live For That Energy (ASOT 800 Theme) (Dan Harrison Remix),2,NLF712604407,https://www.beatport.com/track/i-live-for-that-energy-asot-800-anthem/29732846,medium,beatport
armin-van-buuren-adam-beyer-no-mercy-arti-prjct-remix,Armin van Buuren & Adam Beyer,No Mercy (Arti Prjct Remix),2,NLF712603483,https://www.beatport.com/track/no-mercy/29376482,medium,beatport
armin-van-buuren-adam-beyer-arti-prjct-vs-age-of-love-charlotte-de-witte-enrico-sangiuliano-no-mercy-vs-the-age-of-love-armin-van-buuren-mashup,Armin van Buuren & Adam Beyer & Arti Prjct vs. Age Of Love & Charlotte de Witte & Enrico Sangiuliano,No Mercy vs. The Age Of Love (Armin van Buuren Mashup),2,,,low,no-match
armin-van-buuren-richard-durand-dicosis-vs-hardwell-always-you-vs-follow-the-light-armin-van-buuren-mashup,Armin van Buuren & Richard Durand & Dicosis vs. Hardwell,Always You vs. Follow The Light (Armin van Buuren Mashup),2,NLQ8D2400688,https://www.beatport.com/track/follow-the-light/19322910,medium,beatport
armin-van-buuren-ft-sacha-everlasting,Armin van Buuren ft. SACHA,Everlasting,2,NLF712604520,https://www.beatport.com/track/everlasting/29736997,high,beatport
armin-van-buuren-ft-susana-shivers-talla-2xlc-remix,Armin van Buuren ft. Susana,Shivers (Talla 2XLC Remix),2,NLF710500308,https://www.beatport.com/track/shivers/1329785,medium,beatport
armin-van-buuren-ft-trevor-guthrie-this-is-what-it-feels-like-benwal-remix,Armin van Buuren ft. Trevor Guthrie,This Is What It Feels Like (Benwal Remix),2,NLF711303292,https://www.beatport.com/track/this-is-what-it-feels-like/4276027,medium,beatport
armin-van-buuren-vs-dion-scrufizzer-blah-blah-blah-vs-burn-it-up-armin-van-buuren-mashup-2,Armin van Buuren vs. DIØN & Scrufizzer,Blah Blah Blah vs. Burn It Up (Armin van Buuren Mashup),2,NLF711805914,https://www.beatport.com/track/blah-blah-blah/10901015,medium,beatport
armin-van-buuren-vs-vini-vici-ft-hilight-tribe-great-spirit-acappella,Armin van Buuren vs. Vini Vici ft. Hilight Tribe,Great Spirit (Acappella),2,NLF711609539,https://www.beatport.com/track/great-spirit/8744968,medium,beatport
arodes-x-mojave-grey-beyond-armada,Arodes x Mojave Grey,Beyond (Armada),2,NLF712600843,https://www.beatport.com/track/beyond/27908096,medium,beatport
atrium-in-love-with-you-mark-knight-s-toolroom-dub,Atrium,In Love With You (Mark Knight's Toolroom Dub),2,GBJAJ0600187,https://www.beatport.com/track/in-love-with-you/258750,medium,beatport
audio-bullys-we-don-t-care-sidepiece-treat,Audio Bullys,We Don't Care (SIDEPIECE Treat),2,GBDCG0200358,https://www.beatport.com/track/we-don-t-care/17302662,medium,beatport
avao-catch-that,AVAO,Catch That,2,,,low,no-match
avenue-one-the-future-is-ours-black-hole,Avenue One,The Future Is Ours (Black Hole),2,NLE712600389,https://www.beatport.com/track/the-future-is-ours/28670856,medium,beatport
avenue-one-coming-back-for-more-matt-fax-remix-songspire,Avenue One,Coming Back For More [Matt Fax Remix] (Songspire),2,NLD682601431,https://www.beatport.com/track/coming-back-for-more/29021858,medium,beatport
avenue-one-lake-silver-the-letting-go-black-hole,Avenue One & Lake Silver,The Letting Go (Black Hole),2,NLE712600290,https://www.beatport.com/track/the-letting-go/27747736,medium,beatport
avicii-ft-aloe-blacc-wake-me-up-acappella,Avicii ft. Aloe Blacc,Wake Me Up (Acappella),2,USUM72407867,https://www.beatport.com/track/wake-me-up/29205871,high,beatport
avicii-ft-simon-aldred-waiting-for-love,Avicii ft. Simon Aldred,Waiting For Love,2,CHB701400177,https://www.beatport.com/track/waiting-for-love/15749593,high,beatport
avira-silvio-soul-aurea-armada,AVIRA & Silvio Soul,Aurea [Armada],2,NLF712602823,https://www.beatport.com/track/aurea/29172427,high,beatport
avrix-fialkovska-acid-drop,Avrix & Fialkovska,Acid Drop,2,GXBNP2624092,https://www.beatport.com/track/acid-drop/29983134,high,beatport
axwell-bob-sinclar-ft-ron-carrol-what-a-wonderful-world-acappella,Axwell & Bob Sinclar ft. Ron Carrol,What A Wonderful World (Acappella),2,FR4E40803280,https://www.beatport.com/track/what-a-wonderful-world/761492,medium,beatport
axwell-sebastian-ingrosso-steve-angello-laidback-luke-ft-deborah-cox-leave-the-world-behind-henry-himself-remix,Axwell & Sebastian Ingrosso & Steve Angello & Laidback Luke ft. Deborah Cox,Leave The World Behind (Henry Himself Remix),2,GBKCF0900083,https://www.beatport.com/track/leave-the-world-behind/879164,medium,beatport
baby-bash-ft-akon-baby-i-m-back-seth-david-flip,Baby Bash ft. Akon,"Baby, I'm Back (Seth David Flip)",2,USUR10401102,https://www.beatport.com/track/baby-i-m-back/22936856,medium,beatport
bad-gyal-fuma-noro-t-remix,Bad Gyal,Fuma (Noro$t Remix),2,USUM72512062,https://www.beatport.com/track/fuma/22742374,medium,beatport
bambook-give-it-up-audiofly-remix,Bambook,Give It Up (Audiofly Remix),2,GBENT1504543,https://www.beatport.com/track/give-it-up/9444992,high,beatport
basani-feat-b-s-a-breaking-free-tony-deledda-remix,Basani feat B.S.A.,Breaking Free (Tony Deledda Remix),2,DEY472571352,https://www.beatport.com/track/breaking-free/20082457,high,beatport
basement-jaxx-jump-n-shout-gorgon-city-extended-dub,Basement Jaxx,Jump 'N Shout (Gorgon City Extended Dub),2,GBBKS2600094,https://www.beatport.com/track/jump-n-shout/28835319,medium,beatport
beanfield-ft-bajka-tides-carl-craig-c-s-movement-number-1,Beanfield ft. Bajka,Tides (Carl Craig C's Movement Number 1),2,,https://www.beatport.com/track/tides/179489,medium,beatport
because-of-art-hold-on-anjunadeep,Because of Art,Hold On (Anjunadeep),2,GBEWA2603221,https://www.beatport.com/track/hold-on/29660883,medium,beatport
because-of-art-feat-antony-szmierek-circle-of-light-dosem-remix-stress,Because of Art feat. Antony Szmierek,Circle of Light [Dosem Remix] (Stress),2,GB6LY1601093,https://www.beatport.com/track/circle-of-light/27882571,medium,beatport
becking-back-the-funk,Becking,Back The Funk,2,QT8JC2611172,https://www.beatport.com/track/back-the-funk/29030140,high,beatport
ben-nicky-arty-oxygen-fyh491-original-mix,"Ben Nicky, ARTY",Oxygen (FYH491) (Original Mix),2,NLF712504294,https://www.beatport.com/track/oxygen/20719516,medium,beatport
benny-benassi-pres-the-biz-satisfaction-beauz-hard-techno-remix,Benny Benassi pres. The Biz,Satisfaction (BEAUZ Hard Techno Remix),2,IT00D2404701,https://www.beatport.com/track/satisfaction/19375275,high,beatport
bicep-glue-kanine-bootleg,Bicep,Glue (Kanine Bootleg),2,GBCFB1700229,https://www.beatport.com/track/glue/9440664,medium,beatport
bicep-kanine-vs-rihanna-glue-vs-don-t-stop-the-music-oliver-heldens-mashup,Bicep & Kanine vs. Rihanna,Glue vs. Don't Stop The Music (Oliver Heldens Mashup),2,GBCFB1700229,https://www.beatport.com/track/glue/9440664,medium,beatport
bijou-brandon-swagger-feet,BIJOU & BRANDON,Swagger Feet,2,NL8RL2429550,https://www.beatport.com/track/swagger-feet/19213990,high,beatport
bingewatch-big-draco,BINGEWATCH,BIG DRACO,2,,,low,no-match
biscits-2c2-extended-mix,Biscits,2C2 (Extended Mix),2,US38Y2556601,https://www.beatport.com/track/2c2/20710507,medium,beatport
biscits-blah-blah-blah-extended-mix,Biscits,BLAH BLAH BLAH (Extended Mix),2,US39N2623282,https://www.beatport.com/track/blah-blah-blah/24059604,high,beatport
biscits-wrong-is-right-extended-mix,Biscits,Wrong Is Right (Extended Mix),2,US38Y2598525,https://www.beatport.com/track/wrong-is-right/21872811,high,beatport
biscits-max-mylo-feed-your-soul-extended-mix,"Biscits, Max Mylo",Feed Your Soul (Extended Mix),2,QZFPL2100335,https://www.beatport.com/track/feed-your-soul/17473928,high,beatport
bissen-ft-victoria-jane-melting-alex-m-o-r-p-h-b2b-woody-van-eyden-instrumental-mix,Bissen ft. Victoria Jane,Melting (Alex M.O.R.P.H. B2B Woody Van Eyden Instrumental Mix),2,USGP20600011,https://www.beatport.com/track/melting-feat-victoria-jane/300005,medium,beatport
bl4ck-hole-invader-space-ragga-man-burn-in-noise-becker-remix,Bl4ck Hole & Invader Space,Ragga Man (Burn In Noise & Becker Remix),2,NLRD72895497,https://www.beatport.com/track/ragga-man/23306816,medium,beatport
black-eyed-peas-pump-it-gweld-schranz-remix,Black Eyed Peas,Pump It (GWELD Schranz Remix),2,USIR10500407,https://www.beatport.com/track/pump-it/21394749,medium,beatport
blackchild-moonage-fuego,Blackchild & Moonage,Fuego,2,,,low,no-match
bleu-clair-m-a-a-d-city,Bleu Clair,m.A.A.d City,2,GBVK98400001,https://www.beatport.com/track/a/5162645,medium,beatport
bleu-clair-mistake-vs-hyperspace-bleu-clair-mashup-2,Bleu Clair,Mistake vs. Hyperspace (Bleu Clair Mashup),2,CA5KR2215390,https://www.beatport.com/track/mistake/16288625,medium,beatport
bleu-clair-ootoro-beat-like-this-vip,Bleu Clair & OOTORO,Beat Like This (VIP),2,NLM5S2101562,https://www.beatport.com/track/beat-like-this/16087250,medium,beatport
blond-ish-eran-hersh-darmon-ft-madonna-sorry-layton-giordani-edit,BLOND:ISH & Eran Hersh & Darmon ft. Madonna,Sorry (Layton Giordani Edit),2,NL8RL2317440,https://www.beatport.com/track/sorry-with-madonna-feat-madonna-feat-blond-ish/17970542,medium,beatport
bob-sinclar-i-feel-for-you-acappella,Bob Sinclar,I Feel For You (Acappella),2,FR6V80005132,https://www.beatport.com/track/i-feel-for-you/6934180,medium,beatport
bob-sinclar-ft-steve-edwards-world-hold-on-children-of-the-sky-fisher-2022-rework,Bob Sinclar ft. Steve Edwards,"World, Hold On (Children Of The Sky) (FISHER 2022 Rework)",2,FR4E42227000,https://www.beatport.com/track/world-hold-on/16830234,medium,beatport
borne-alexis-b-hush,Borne & Alexis B,Hush,2,CA5KR2455459,https://www.beatport.com/track/hush/19000900,medium,beatport
bountyhunter-woops-anderex-edit,Bountyhunter,Woops (Anderex Edit),2,BEIW12400781,https://www.beatport.com/track/woops/19630849,medium,beatport
boxer-verde-jerome-isma-ae-remix-colorize,Boxer,Verde [Jerome Isma-Ae Remix] (Colorize),2,GBKQU1879264,https://www.beatport.com/track/verde/10927963,medium,beatport
brad-p-star-traveller,Brad P,Star Traveller,2,GBJQ62100006,https://www.beatport.com/track/star-traveller/18563624,high,beatport
brandon-dance-in-chicago,BRANDON,Dance In Chicago,2,US39N2312664,https://www.beatport.com/track/dance-in-chicago/18177062,high,beatport
brandon-clock-ticker-adam-miller-remix,BRANDON,Clock Ticker (Adam Miller Remix),2,USLD91740204,https://www.beatport.com/track/clock-ticker/22717644,medium,beatport
brandon-garados,BRANDON,Garados,2,CH6542091042,https://www.beatport.com/track/garados/14078290,high,beatport
brandon-kxne-gucci-slides,BRANDON & KXNE,Gucci Slides,2,GBCEN2200187,https://www.beatport.com/track/gucci-slides/17080617,high,beatport
brandon-kyogre-night-heater,BRANDON & Kyogre,Night Heater,2,QZQAY2412951,https://www.beatport.com/track/night-heater-extended-mix/18735207,medium,beatport
brandon-lackmus-ravers-bounce,BRANDON & Lackmus,Ravers Bounce,2,USLD91752439,https://www.beatport.com/track/ravers-bounce/18291600,high,beatport
brandon-mylo-floor-addiction,BRANDON & MYLØ,Floor Addiction,2,USLD91759067,https://www.beatport.com/track/floor-addiction/19020591,high,beatport
brandon-no-me-lost-found-london,BRANDON & No/Me,Lost & Found London,2,NL1ZN2403283,https://www.beatport.com/track/lost-and-found-london/19423873,high,beatport
brandon-pvc-watch-me-move,BRANDON & PVC,Watch Me Move,2,CH6542307278,https://www.beatport.com/track/watch-me-move/19819669,high,beatport
braxton-there-s-still-time-anjunadeep,Braxton,There’s Still Time (Anjunadeep),2,GBEWA2601662,https://www.beatport.com/track/there-s-still-time/28440718,medium,beatport
breach-jack-hoax-rework,BrEaCh,Jack (Hoax Rework),2,GBCJY2600840,https://www.beatport.com/track/jack/23941386,medium,beatport
breaking-beattz-flex,Breaking Beattz,Flex,2,GBKQU2437850,https://www.beatport.com/track/flex/18931456,medium,beatport
bushbaby-danny-p-back-to-funk,Bushbaby & Danny P,Back To Funk,2,NL8RL2674473,https://www.beatport.com/track/back-to-funk/29636120,high,beatport
byorn-adagio-for-strings-hi-lo-edit,BYØRN,Adagio For Strings (HI-LO Edit),2,BEIW12400772,https://www.beatport.com/track/adagio-for-strings/19631047,low,beatport
cafius-oliver-marshak-the-beat,Cafius & Oliver Marshak,The Beat,2,QMDA62636862,https://www.beatport.com/track/the-beat/29964347,high,beatport
calvin-harris-alesso-hurts-vs-sentinel-sick-individuals-under-control-vs-upside-down-alesso-mashup,Calvin Harris & Alesso & Hurts vs. Sentinel & SICK INDIVIDUALS,Under Control vs. Upside Down (Alesso Mashup),2,GBARL1301271,https://www.beatport.com/track/under-control/5974554,medium,beatport
calvin-harris-alesso-ft-hurts-under-control-acappella,Calvin Harris & Alesso ft. Hurts,Under Control (Acappella),2,GBARL1301271,https://www.beatport.com/track/under-control/5974554,medium,beatport
calvin-harris-ft-florence-welch-sweet-nothing-acappella,Calvin Harris ft. Florence Welch,Sweet Nothing (Acappella),2,GBARL1202159,https://www.beatport.com/track/sweet-nothing/4793172,medium,beatport
camelphat-for-a-feeling-extended-mix,CamelPhat,For a Feeling (Extended Mix),2,GBARL2000335,https://www.beatport.com/track/for-a-feeling/13358612,high,beatport
camelphat-josh-gigante-feat-kuuda-so-good-when-stars-align,CamelPhat & Josh Gigante feat. Kuuda,So Good (When Stars Align),2,,,low,no-match
cassian-arco-come-to-life-three-six-zero,Cassian & ARCO,Come To Life [Three Six Zero],2,ZZA0Z2600938,https://www.beatport.com/track/come-to-life/29492006,high,beatport
castion-the-beat,Castion,The Beat,2,DE1QW2601269,https://www.beatport.com/track/the-beat/23342322,high,beatport
castion-non-stop,Castion,Non Stop,2,DE1QW2601268,https://www.beatport.com/track/non-stop/23342321,high,beatport
ch-njong-x-ch-njong-kernkraft-1000,CH!NJONG X CH!NJONG,Kernkraft 1000,2,GBKQU2556345,https://www.beatport.com/track/kernkraft-1000/20681180,high,beatport
charlotte-de-witte-theo-nasa-the-resistance,Charlotte de Witte & Theo Nasa,The Resistance,2,,,low,no-match
charlotte-de-witte-ft-conduit-a-prayer-for-the-dancefloor-avalon-gms-remix,Charlotte de Witte ft. Conduit,A Prayer For The Dancefloor (Avalon & GMS Remix),2,BE4JP2600006,https://www.beatport.com/track/a-prayer-for-the-dancefloor-feat-conduit/23549585,medium,beatport
chief-keef-gucci-mane-semi-on-em,Chief Keef & Gucci Mane,Semi On Em,2,USZEG1501266,https://www.beatport.com/track/semi-on-em/23069968,high,beatport
chief-keef-ft-50-cent-wiz-khalifa-hate-bein-sober-stvsh-flip,Chief Keef ft. 50 Cent & Wiz Khalifa,Hate Bein' Sober (STVSH Flip),2,USUM71214714,https://www.beatport.com/track/hate-bein-sober/26760401,medium,beatport
chinonegro-boogie,Chinonegro,Boogie,2,,,low,no-match
chris-lake-chris-lorenzo-pres-anti-up-right-now-bleu-clair-remix,Chris Lake & Chris Lorenzo pres. Anti Up,Right Now (Bleu Clair Remix),2,,,low,no-match
chris-lake-tony-romera-house-every-weekend,Chris Lake & Tony Romera,House Every Weekend,2,,,low,no-match
chris-lake-aatig-in-the-yuma-extended-mix,"Chris Lake, Aatig",In The Yuma (Extended Mix),2,CA5KR2294511,https://www.beatport.com/track/in-the-yuma/16947146,high,beatport
chris-lorenzo-rhymes,Chris Lorenzo,Rhymes,2,GBUM71405244,https://www.beatport.com/track/rhymes/15727875,high,beatport
chrystal-the-days-notion-remix,CHRYSTAL,The Days (NOTION Remix),2,GBUM72406694,https://www.beatport.com/track/the-days/19738940,high,beatport
cioz-ryan-murgatroyd-wachaka,CIOZ & Ryan Murgatroyd,Wachaka,2,DEXO42221603,https://www.beatport.com/track/wachaka/16901670,high,beatport
cirez-d-on-off-alok-edit,Cirez D,On Off (ALOK Edit),2,,https://www.beatport.com/track/on-off/906447,medium,beatport
cirez-d-on-off-kapuchon-edit,Cirez D,On Off (Kapuchon Edit),2,GB6CP1000025,https://www.beatport.com/track/on-off/1072360,medium,beatport
cirez-d-tha-bass-line,Cirez D,Tha Bass Line,2,,,low,no-match
cirez-d-the-trip,Cirez D,The Trip,2,,,low,no-match
cirez-d-frequency-2024-id-02-working-title,Cirez D,Frequency 2024 ID 02 (Working Title),2,,,low,no-match
cirez-d-twitter-2022-id-working-title,Cirez D,Twitter 2022 ID (Working Title),2,,,low,no-match
cirez-d-sunrise-festival-2022-id-02-working-title,Cirez D,Sunrise Festival 2022 ID 02 (Working Title),2,,,low,no-match
cirez-d-evacuate,Cirez D,Evacuate,2,,,low,no-match
cirez-d-ramafixation,Cirez D,Ramafixation,2,,,low,no-match
cirez-d-amnesia-ibiza-2026-id-working-title,Cirez D,Amnesia Ibiza 2026 ID (Working Title),2,,,low,no-match
cirez-d-womb-tokyo-2023-id-01-working-title,Cirez D,Womb Tokyo 2023 ID 01 (Working Title),2,,,low,no-match
cirez-d-hi-ibiza-theater-id-working-title,Cirez D,Hi Ibiza Theater ID (Working Title),2,,,low,no-match
claptone-wanderlust-antdot-extended-remix,Claptone,Wanderlust (Antdot Extended Remix),2,QT8JC2610172,https://www.beatport.com/track/wanderlust/29393477,high,beatport
cloonee-prospa-free-your-mind-mike-williams-remix,Cloonee & Prospa,Free Your Mind (Mike Williams Remix),2,QM6MZ2651268,https://www.beatport.com/track/free-your-mind/26919525,medium,beatport
cloonee-prospa-free-your-mind-mandy-edit,Cloonee & Prospa,Free Your Mind (MANDY Edit),2,QM6MZ2651268,https://www.beatport.com/track/free-your-mind/26919525,medium,beatport
corrupt-uk-shook-vip,Corrupt (UK),Shook (VIP),2,USYBL1900857,https://www.beatport.com/track/shook-vip/12019168,medium,beatport
corrupt-uk-ft-raas-strange-things,Corrupt (UK) ft. Raas,Strange Things,2,FRX281982136,https://www.beatport.com/track/strange-things/13116939,high,beatport
cosmic-gate-analog-feel-extended-version,Cosmic Gate,Analog Feel (Extended Version),2,GBDLM0710001,https://www.beatport.com/track/analog-feel/257308,high,beatport
creeds-vs-derb-push-up-the-derb-mandy-edit,Creeds vs. Derb,Push Up The Derb (MANDY Edit),2,DEBL60331811,https://www.beatport.com/track/derb/10493878,medium,beatport
creeds-vs-peggy-gou-vs-hi-lo-space-92-push-up-vs-it-goes-like-nanana-vs-mercury-oliver-heldens-mashup,Creeds vs. Peggy Gou vs. HI-LO & Space 92,Push Up vs. (It Goes Like) Nanana vs. Mercury (Oliver Heldens Mashup),2,NLCK42223782,https://www.beatport.com/track/push-up/17229093,medium,beatport
cronino-no-time-no-timer-trap-mix,Cronino,No Time & No Timer (Trap Mix),2,ITL290700602,https://www.beatport.com/track/no-time-and-no-timer/241971,high,beatport
cubicolor-kindred-anjunadeep,Cubicolor,Kindred (Anjunadeep),2,GBEWA2602471,https://www.beatport.com/track/kindred/29032470,medium,beatport
da-hool-meet-her-at-the-love-parade-dom-dolla-torren-foot-remix,Da Hool,Meet Her At The Love Parade (Dom Dolla & Torren Foot Remix),2,BEIW12500785,https://www.beatport.com/track/meet-her-at-the-love-parade/22192124,medium,beatport
daan-steenman-rooleh-keep-a-steady,"Daan Steenman, Rooléh",Keep A Steady,2,GBJX33720177,https://www.beatport.com/track/keep-a-steady/17121419,high,beatport
dada-life-vs-armin-van-buuren-joa-vs-alok-vs-hel-slowed-nina-de-koning-kick-out-the-epic-motherfucker-vs-heavy-vs-around-vs-give-it-to-me-armin-van-buuren-mashup,Dada Life vs. Armin van Buuren & JOA vs. ALOK vs. Hel:sløwed & Nina De Koning,Kick Out The Epic Motherfucker vs. Heavy vs. Around vs. Give It To Me (Armin van Buuren Mashup),2,SE22J1200116,https://www.beatport.com/track/kick-out-the-epic-motherfucker/18680039,medium,beatport
daft-punk-one-more-time-hills-remix,Daft Punk,One More Time (HILLS Remix),2,GBDUW0000051,https://www.beatport.com/track/one-more-time/6014288,medium,beatport
daft-punk-one-more-time-valmer-edit,Daft Punk,One More Time (Valmer Edit),2,GBDUW0000050,https://www.beatport.com/track/one-more-time/6014289,medium,beatport
daft-punk-one-more-time-pickle-club-edit,Daft Punk,One More Time (Pickle Club Edit),2,GBDUW0000050,https://www.beatport.com/track/one-more-time/6014289,medium,beatport
daft-punk-one-more-time-sammy-virji-bootleg,Daft Punk,One More Time (Sammy Virji Bootleg),2,GBDUW0000050,https://www.beatport.com/track/one-more-time/6014289,medium,beatport
dan-cooper-vs-tiesto-vs-john-summit-hayla-recuperation-303-vs-lethal-industry-vs-where-you-are-armin-van-buuren-mashup,Dan Cooper vs. Tiesto vs. John Summit & HAYLA,Recuperation 303 vs. Lethal Industry vs. Where You Are (Armin van Buuren Mashup),2,NLZ542400863,https://www.beatport.com/track/lethal-industry/19864810,medium,beatport
dan-stone-nitrous-oxide-believe-enhanced-progressive,Dan Stone & Nitrous Oxide,Believe (Enhanced Progressive),2,CA5KR2658479,https://www.beatport.com/track/believe/29403034,medium,beatport
daniel-rateuke-oudara,Daniel Rateuke,Oudara,2,DE1A12193357,https://www.beatport.com/track/oudara/16331883,high,beatport
dannic-2aces-vs-kygo-conrad-sewell-zenith-vs-firestone-hardwell-mashup,Dannic & 2ACES vs. Kygo & Conrad Sewell,Zenith vs. Firestone (Hardwell Mashup),2,NLS241401149,https://www.beatport.com/track/zenith/5629042,medium,beatport
danny-tenaglia-ft-celeda-music-is-the-answer-dancin-and-prancin-id-remix,Danny Tenaglia ft. Celeda,Music Is The Answer (Dancin' And Prancin') (ID Remix),2,USTW29857778,https://www.beatport.com/track/music-is-the-answer-dancin-and-prancin/26317836,medium,beatport
dansyn-vs-noizu-westend-no-me-bang-that-vs-push-to-start-westend-edit,Dansyn vs. Noizu & Westend & No/Me,Bang That vs. Push To Start (Westend Edit),2,CA5KR2607941,https://www.beatport.com/track/bang-that/23116593,medium,beatport
dave-spoon-ft-penny-foster-this-machine-justin-s-mix,Dave Spoon ft. Penny Foster,This Machine (Justin S Mix),2,GBJAJ0600262,https://www.beatport.com/track/this-machine-feat-penny-foster/244891,medium,beatport
david-guetta-when-love-takes-over-feat-kelly-rowland-extended,David Guetta,When Love Takes Over (feat. Kelly Rowland) [Extended],2,FRZID0900030,https://www.beatport.com/track/when-love-takes-over-feat-kelly-rowland/832222,medium,beatport
david-guetta-alesso-madison-love-vs-tove-lo-never-going-home-tonight-vs-heroes-we-could-be-alesso-mashup,David Guetta & Alesso & Madison Love vs. Tove Lo,Never Going Home Tonight vs. Heroes (We Could Be) (Alesso Mashup),2,USUM71411636,https://www.beatport.com/track/heroes-we-could-be/15737486,medium,beatport
david-guetta-ft-kid-cudi-memories-acappella,David Guetta ft. Kid Cudi,Memories (Acappella),2,FRZID0900480,https://www.beatport.com/track/memories-feat-kid-cudi/24364341,medium,beatport
david-guetta-marten-horger-men-machine-congorock-kenz-babylon-men-machine-rework-extended-mix,"David Guetta, Marten Horger, Men Machine, Congorock, KENZ",Babylon (Men Machine Rework) [Extended Mix],2,UKWLG2600056,https://www.beatport.com/track/babylon-men-machine-rework/28821417,medium,beatport
david-guetta-marten-horger-men-machine-vitalic-engage-feat-vitalic-extended-mix,"David Guetta, Marten Horger, Men Machine, Vitalic",Engage (feat. Vitalic) [Extended Mix],2,UKWLG2600054,,medium,musicbrainz
david-temessi-warp-brothers-hani-dakin-misspent-years,"David Temessi, Warp Brothers, Hani Dakin",Misspent Years,2,CA5KR2458315,https://www.beatport.com/track/mispent-years/19031495,medium,beatport
davis-forbes-space-funk,Davis Forbes,Space Funk,2,NLS240701412,https://www.beatport.com/track/space-funk/304350,medium,beatport
dba-sounds-the-temper-trap-sweet-disposition-dba-remix,DBA Sounds,The Temper Trap (Sweet Disposition) (Dba Remix),2,,,low,no-match
deadmau5-not-exactly-rinzen-remix-mau5trap,deadmau5,Not Exactly [Rinzen Remix] (mau5trap),2,CA5KR2656692,https://www.beatport.com/track/not-exactly/29211409,medium,beatport
deadmau5-ft-rob-swire-ghosts-n-stuff-luke-alexander-remix,deadmau5 ft. Rob Swire,Ghosts 'n' Stuff (Luke Alexander Remix),2,GBTDG0900131,https://www.beatport.com/track/ghosts-n-stuff/17945805,medium,beatport
dean-turnley-actin-tough-dave-summer-edit,Dean Turnley,Actin' Tough (Dave Summer Edit),2,GBUM72603088,https://www.beatport.com/track/actin-tough/29030372,medium,beatport
dean-turnley-actin-tough-cassian-remix,Dean Turnley,Actin' Tough (Cassian Remix),2,GBUM72603088,https://www.beatport.com/track/actin-tough/29030372,medium,beatport
deepest-blue-x-ferry-corsten-deepest-blue-armada,Deepest Blue x Ferry Corsten,Deepest Blue [Armada],2,NLF712500063,https://www.beatport.com/track/deepest-blue/19919117,high,beatport
dennis-cruz-ian-ludvig-pain-away,Dennis Cruz & Ian Ludvig,Pain Away,2,GB7NR2330006,https://www.beatport.com/track/pain-away/18210083,high,beatport
dennis-ferrer-p-2-da-j-mixed,Dennis Ferrer,P 2 Da J (Mixed),2,USA670602002,https://www.beatport.com/track/p-2-da-j/408644,medium,beatport
destiny-s-child-say-my-name-acappella,Destiny's Child,Say My Name (Acappella),2,USSM10001566,https://www.beatport.com/track/say-my-name/4776572,medium,beatport
dev5-we-almost-made-it-tech-noir,DEV5,We Almost Made It [Tech Noir],2,QZPLR2690392,https://www.beatport.com/track/we-almost-made-it-extended-mix/26926509,medium,beatport
digitalism-jence-moelle-ismail-tuefekci-four-seasons,Digitalism/Jence Moelle/Ismail Tuefekci,Four Seasons,2,,,low,no-match
dimitri-vegas-like-mike-x-maddix-x-da-hool-meet-her-at-the-love-parade-feat-kiki-solvej-live-at-tomorrowland,Dimitri Vegas & Like Mike x Maddix x Da Hool,Meet Her At The Love Parade feat. Kiki Solvej (Live At Tomorrowland),2,BEIW12500785,https://www.beatport.com/track/meet-her-at-the-love-parade/22192124,medium,beatport
dino-lenny-magic-house-jackin-house-extended-mix,Dino Lenny,Magic House (Jackin House Extended Mix),2,GBCVZ2600109,https://www.beatport.com/track/magic-house/29674569,high,beatport
dino-lenny-did-this,Dino Lenny,Did This,2,BEZ352200051,https://www.beatport.com/track/did-this/17027457,high,beatport
diplo-sidepiece-vs-westend-on-my-mind-vs-freaky-time-westend-mashup,Diplo & SIDEPIECE vs. Westend,On My Mind vs. Freaky Time (Westend Mashup),2,USZ4V2200050,https://www.beatport.com/track/on-my-mind/16297461,medium,beatport
dirty-signal-vs-hardwell-blasterjaxx-mitch-crown-vs-yeah-yeah-yeahs-a-trak-we-all-move-vs-bigroom-never-dies-vs-heads-will-roll-hardwell-mashup,Dirty Signal vs. Hardwell & Blasterjaxx & Mitch Crown vs. Yeah Yeah Yeahs & A-Trak,We All Move vs. Bigroom Never Dies vs. Heads Will Roll (Hardwell Mashup),2,NL8RL2562590,https://www.beatport.com/track/we-all-move/26717811,medium,beatport
dirty-south-lost-to-be-found-this-never-happened,Dirty South,Lost To Be Found (This Never Happened),2,GBEWA2602181,https://www.beatport.com/track/lost-to-be-found/28836695,medium,beatport
dirty-south-alesso-ft-ruben-haze-city-of-dreams-alesso-rework-2,Dirty South & Alesso ft. Ruben Haze,City Of Dreams (Alesso Rework),2,GBUYR1300055,https://www.beatport.com/track/city-of-dreams/15729207,medium,beatport
disco-lines-cocaine-inside-my-blunts-dave-summer-edit,Disco Lines,Cocaine Inside My Blunts (Dave Summer Edit),2,QM24S2507390,https://www.beatport.com/track/cocaine-inside-my-blunts/23058712,medium,beatport
dj-dep-watching-me,DJ Dep,Watching Me,2,ES95G2506102,https://www.beatport.com/track/watching-me/22983394,high,beatport
dj-esco-future-psychedelik-smoke-tape-b-flip,DJ ESCO & Future,Psychedelik Smoke (Tape B Flip),2,USSM11803240,https://www.beatport.com/track/psychedelik-smoke/10421663,medium,beatport
dj-g2g-paleta-x-faint,DJ G2G,paleta x faint,2,,,low,no-match
dj-kuba-neitan-x-skytech-i-want-you-wh0-festival-remix,DJ KUBA & NEITAN X Skytech,I Want You (Wh0 Festival Remix),2,NLZ542200959,https://www.beatport.com/track/i-want-you/25822935,high,beatport
dj-snake-peso-pluma-teka-matroda-remix,DJ Snake & Peso Pluma,TEKA (Matroda Remix),2,USUG12403734,https://www.beatport.com/track/teka/19255634,medium,beatport
djs-from-mars-eena-state-of-mind,DJs From Mars & EENA,State Of Mind,2,BEIW12600397,https://www.beatport.com/track/state-of-mind/29835066,high,beatport
dlmt-no-thanks-halogen-on-brand,DLMT & No Thanks & Halogen,On Brand,2,USUS12400408,https://www.beatport.com/track/on-brand/19228828,high,beatport
dom-dolla-ft-clementine-douglas-miracle-maker-maddix-edit,Dom Dolla ft. Clementine Douglas,Miracle Maker (Maddix Edit),2,USQX92205006,https://www.beatport.com/track/miracle-maker/17021443,medium,beatport
dominica-i-gotta-let-u-go-brandon-remix,Dominica,I Gotta Let U Go (BRANDON Remix),2,DEL711910231,https://www.beatport.com/track/i-gotta-let-u-go/13322116,medium,beatport
don-toliver-bandit-acraze-remix,Don Toliver,Bandit (ACRAZE Remix),2,USAT22400561,https://www.beatport.com/track/bandit/22154302,medium,beatport
dr-dre-ft-snoop-dogg-still-d-r-e-brandon-bootleg,Dr. Dre ft. Snoop Dogg,Still D.R.E. (BRANDON Bootleg),2,USIR19905031,https://www.beatport.com/track/still-d-r-e/26763333,medium,beatport
dr-kucho-gregor-salto-oliver-heldens-vs-mau-p-vs-tyla-vs-macklemore-ryan-lewis-ray-dalton-vs-cirez-d-can-t-stop-playing-vs-beats-for-the-underground-vs-water-vs-can-t-hold-us-vs-on-off-oliver-heldens-mashup,Dr. Kucho! & Gregor Salto & Oliver Heldens vs. Mau P vs. Tyla vs. Macklemore & Ryan Lewis & Ray Dalton vs. Cirez D,Can't Stop Playing vs. BEATS FOR THE UNDERGROUND vs. Water vs. Can't Hold Us vs. On Off (Oliver Heldens Mashup),2,,,low,no-match
dubba-jonny-a-brief-introduction-on-dubstep-production-tape-b-edit,Dubba Jonny,A Brief Introduction On Dubstep Production (Tape B Edit),2,DEAR41052121,,medium,musicbrainz
dubfire-oliver-huntemann-joseph-capriati-vs-fred-again-baby-keem-terra-vs-leavemealone,Dubfire & Oliver Huntemann & Joseph Capriati vs. Fred again.. & Baby Keem,Terra vs. leavemealone,2,GBAHS2301465,https://www.beatport.com/track/leavemealone/18448575,medium,beatport
dubvision-nicky-romero-oaks-vs-calvin-harris-disciples-ina-wroldsen-live-my-life-vs-how-deep-is-your-love-nicky-romero-mashup,DubVision & Nicky Romero & Oaks vs. Calvin Harris & Disciples & Ina Wroldsen,Live My Life vs. How Deep Is Your Love (Nicky Romero Mashup),2,NLM5S2502502,https://www.beatport.com/track/live-my-life/20252180,medium,beatport
dubvision-vs-alesso-matthew-koma-rise-again-vs-years-alesso-mashup,DubVision vs. Alesso & Matthew Koma,Rise Again vs. Years (Alesso Mashup),2,NLM5S2502702,https://www.beatport.com/track/rise-again/21922727,medium,beatport
dubvision-vs-corona-p-r-o-g-2-vs-the-rhythm-of-the-night-dubvision-mashup,DubVision vs. Corona,P.R.O.G.2 vs. The Rhythm Of The Night (DubVision Mashup),2,,,low,no-match
dubvision-vs-martin-garrix-bebe-rexha-rise-again-vs-in-the-name-of-love-dubvision-mashup,DubVision vs. Martin Garrix & Bebe Rexha,Rise Again vs. In The Name Of Love (DubVision Mashup),2,NLM5S2502702,https://www.beatport.com/track/rise-again/21922727,medium,beatport
duke-dumont-ft-shaun-ross-red-light-green-light-james-hype-edit,Duke Dumont ft. Shaun Ross,"Red Light, Green Light (James Hype Edit)",2,GBUM71900418,https://www.beatport.com/track/red-light-green-light/26828496,medium,beatport
durante-allknight-how-does-it-feel-anjunadeep,Durante & ALLKNIGHT,How Does It Feel (Anjunadeep),2,GBEWA2601891,https://www.beatport.com/track/how-does-it-feel/28522915,medium,beatport
durante-mayro-mantra-anjunadeep,Durante & Mayro,Mantra (Anjunadeep),2,GBEWA2601896,https://www.beatport.com/track/mantra/28913525,medium,beatport
dutch-disorder-heroine-samuel-moriero-remix,Dutch Disorder,Heroine (Samuel Moriero Remix),2,GBKPL2170184,https://www.beatport.com/track/heroine/21039263,medium,beatport
ebenezer-arena-a-state-of-trance,EBENEZER,ArenA [A State Of Trance],2,NLF712504400,https://www.beatport.com/track/arena/21016549,high,beatport
ebenezer-feat-lovlee-on-my-skin-a-state-of-trance,EBENEZER feat. Lovlee,On My Skin (A State Of Trance),2,NLF712601815,https://www.beatport.com/track/on-my-skin/28220229,medium,beatport
ebenezer-x-sarah-de-warren-colorblind-a-state-of-trance,EBENEZER x Sarah de Warren,Colorblind (A State Of Trance),2,NLF712602615,https://www.beatport.com/track/colorblind/28824295,medium,beatport
echosystem-mak-pasteman-saints-extended-mix,"Echosystem, Mak & Pasteman",Saints (Extended Mix),2,US39N2666214,https://www.beatport.com/track/saints/28333978,high,beatport
edward-maya-vika-jigulina-stereo-love-alesso-edit-2,Edward Maya & Vika Jigulina,Stereo Love (Alesso Edit),2,ROCMA0901932,https://www.beatport.com/track/stereo-love/18247273,medium,beatport
eelke-kleijn-armin-van-buuren-vs-lana-del-rey-transmission-vs-summertime-sadness-oliver-heldens-mashup,Eelke Kleijn & Armin van Buuren vs. Lana Del Rey,Transmission vs. Summertime Sadness (Oliver Heldens Mashup),2,NLF712200785,https://www.beatport.com/track/transmission/16214995,medium,beatport
effin-tape-b-ups-and-downs,Effin & Tape B,Ups and Downs,2,QZTGW2404027,https://www.beatport.com/track/ups-and-downs/20239553,high,beatport
effin-tape-b-i-ll-never-know,Effin & Tape B,I'll Never Know,2,,,low,no-match
efim-kerbut-margarine-head,Efim Kerbut,Margarine Head,2,NL1ZN2503871,https://www.beatport.com/track/margarine-head/29631630,high,beatport
einmusik-ft-shayan-uk-do-you-think-of-me-joachim-pastor-remix,Einmusik ft. Shayan (UK),Do You Think Of Me (Joachim Pastor Remix),2,CH3132420865,https://www.beatport.com/track/do-you-think-of-me-feat-shayan/29719005,medium,beatport
eli-fur-ceremony-script-remix-boom,Eli & Fur,Ceremony (SCRIPT Remix) [Boom],2,,,low,no-match
eli-brown-vs-hi-lo-danny-avila-be-the-one-vs-paradise-oliver-heldens-mashup,Eli Brown vs. HI-LO & Danny Avila,Be The One vs. Paradise (Oliver Heldens Mashup),2,GBUM72302200,https://www.beatport.com/track/be-the-one/17516545,medium,beatport
eli-brown-geezly-papi-extended-mix,"Eli Brown, GeezLy",Papi (Extended Mix),2,USUS12500452,https://www.beatport.com/track/papi/20874862,medium,beatport
elias-erium-the-predictor,Elias Erium,The Predictor,2,NLD682602167,https://www.beatport.com/track/the-predictor/30189619,high,beatport
elysian-sparks-in-the-night-ciaran-mcauley-remix,Elysian,Sparks In The Night (Ciaran McAuley Remix),2,NLE712600645,https://www.beatport.com/track/sparks-in-the-night/29953669,medium,beatport
enamour-red-room,Enamour,Red Room,2,CA5KR0035287,https://www.beatport.com/track/red-room/16057301,high,beatport
enrico-sangiuliano-the-techno-code-charlotte-de-witte-acid-code,Enrico Sangiuliano,The Techno Code (Charlotte de Witte Acid Code),2,BE4JP2592008,https://www.beatport.com/track/the-techno-code/20639813,medium,beatport
eric-prydz-pjanoo-henry-himself-remix,Eric Prydz,Pjanoo (Henry Himself Remix),2,GBCEN0800954,https://www.beatport.com/track/pjanoo/9115973,medium,beatport
eric-prydz-vs-pink-floyd-proper-education-westend-edit-2,Eric Prydz vs. Pink Floyd,Proper Education (Westend Edit),2,GBCEN0600490,https://www.beatport.com/track/proper-education/24363804,medium,beatport
ero808-brandon-serotonin,ero808 & BRANDON,Serotonin,2,QM24S2404938,https://www.beatport.com/track/serotonin/19361149,high,beatport
esdeekid-4-raws-notion-dub,EsDeeKid,4 Raws (NOTION Dub),2,US38Y2546738,https://www.beatport.com/track/4-raws/23446898,medium,beatport
estiva-via-balearia-colorize,Estiva,Via Balearia (Colorize),2,CA5KR2651865,https://www.beatport.com/track/via-balearia/28918862,medium,beatport
estiva-palma-colorize,Estiva,Palma (Colorize),2,CA5KR2657306,https://www.beatport.com/track/palma/29349203,medium,beatport
eurythmics-vs-stan-christ-sweet-dreams-x-trepidation-code-black-dj-tool,Eurythmics vs. Stan Christ,Sweet Dreams x Trepidation (Code Black DJ Tool),2,QZK6Q2005951,https://www.beatport.com/track/trepidation/14223057,medium,beatport
eva-shaw-fantasy,Eva Shaw,Fantasy,2,NLE802600363,https://www.beatport.com/track/fantasy/29674235,high,beatport
excision-sullivan-king-kai-wachi-bone-breakers,Excision & Sullivan King & Kai Wachi,Bone Breakers,2,,,low,no-match
eynka-feat-ed-graves-flashes-armada,Eynka feat. Ed Graves,Flashes (Armada),2,NLF712603514,https://www.beatport.com/track/flashes/29309159,medium,beatport
eynka-feat-lapsley-promises-armada,Eynka feat. Lapsley,Promises (Armada),2,NLF712601952,https://www.beatport.com/track/promises/28362564,medium,beatport
ezequiel-arias-sin-control-anjunadeep,Ezequiel Arias,Sin Control (Anjunadeep),2,GBEWA2602691,https://www.beatport.com/track/sin-control/29204932,medium,beatport
ezequiel-arias-durante-logical-anjunadeep,Ezequiel Arias & Durante,Logical (Anjunadeep),2,GBEWA2601263,https://www.beatport.com/track/logical/26924474,medium,beatport
ezequiel-arias-durante-prisma-anjunadeep,Ezequiel Arias & Durante,Prisma (Anjunadeep),2,GBEWA2601262,https://www.beatport.com/track/prisma/26924472,medium,beatport
f-g-noise-vs-justin-timberlake-timbaland-take-me-home-vs-sexyback-hardwell-mashup,F.G. Noise vs. Justin Timberlake & Timbaland,Take Me Home vs. SexyBack (Hardwell Mashup),2,USJI10600283,https://www.beatport.com/track/sexyback/20873080,medium,beatport
faithless-insomnia-acappella,Faithless,Insomnia (Acappella),2,GBBXH9600001,https://www.beatport.com/track/insomnia/22037371,medium,beatport
faithless-insomnia-james-hype-remix,Faithless,Insomnia (James Hype Remix),2,GBBXH9820028,https://www.beatport.com/track/insomnia/7089775,medium,beatport
fake-blood-i-think-i-like-it-westend-edit,Fake Blood,I Think I Like It (Westend Edit),2,GB7QY1000130,https://www.beatport.com/track/i-think-i-like-it/11198806,medium,beatport
fatboy-slim-right-here-right-now-dave-summer-edit,Fatboy Slim,"Right Here, Right Now (Dave Summer Edit)",2,GB5KW1703703,https://www.beatport.com/track/right-here-right-now/15750991,medium,beatport
fatboy-slim-ft-beardyman-riva-starr-eat-sleep-rave-repeat-bruno-martini-remix,"Fatboy Slim ft. Beardyman, Riva Starr",Eat Sleep Rave Repeat (Bruno Martini Remix),2,GBKQU2559684,https://www.beatport.com/track/eat-sleep-rave-repeat/20671649,medium,beatport
feiertag-jody-wisternoff-james-grant-nomad-anjunadeep,Feiertag & Jody Wisternoff & James Grant,Nomad (Anjunadeep),2,GBEWA2602951,https://www.beatport.com/track/nomad/29486566,medium,beatport
fein-cerra-the-right-space-extended-mix,Fein Cerra,The Right Space (Extended Mix),2,GBKQU2655032,https://www.beatport.com/track/the-right-space/29024907,high,beatport
fejka-azur-einmusik-remix-coexist,Fejka,Azur [Einmusik Remix] (Coexist),2,DEINP2500034,https://www.beatport.com/track/azur/29173652,medium,beatport
ferry-corsten-drum-s-a-weapon-giuseppe-ottaviani-remix-black-hole,Ferry Corsten,Drum’s A Weapon [Giuseppe Ottaviani Remix] [Black Hole],2,NLQ881700088,https://www.beatport.com/track/drum-s-a-weapon/9397959,high,beatport
ferry-corsten-blueprint-matt-fax-remix-black-hole,Ferry Corsten,Blueprint (Matt Fax Remix) [Black Hole],2,NLE712500695,https://www.beatport.com/track/blueprint/21861862,medium,beatport
ferry-corsten-trust-frankyeffe-reprint-black-hole,Ferry Corsten,Trust (Frankyeffe Reprint) [Black Hole],2,NLE712500816,https://www.beatport.com/track/trust/22475389,medium,beatport
ferry-corsten-marsh-attraction-ferry-s-mix-anjunabeats,Ferry Corsten & Marsh,Attraction (Ferry’s Mix) [Anjunabeats],2,GBEWA2600962,https://www.beatport.com/track/attraction/24445931,medium,beatport
ferry-corsten-ruben-de-ronde-rise-up-avira-remix-flashover,Ferry Corsten & Ruben de Ronde,Rise Up (AVIRA Remix) [Flashover],2,NLF712504441,https://www.beatport.com/track/rise-up/20753434,medium,beatport
ferry-corsten-feat-clairity-reanimate-ferry-corsten-reprint-black-hole,Ferry Corsten feat. Clairity,Reanimate (Ferry Corsten Reprint) [Black Hole],2,NLE712500823,https://www.beatport.com/track/reanimate/29093227,medium,beatport
ferry-corsten-leon-bolier-mostly-cloudy-bring-me-back-to-life-flashover,"Ferry Corsten, Leon Bolier & Mostly Cloudy",Bring Me Back To Life [Flashover],2,GB5KW2601200,https://www.beatport.com/track/bring-me-back-to-life/30080581,high,beatport
fezzo-kids,Fezzo,Kids,2,QMFMG2501294,,medium,musicbrainz
fimiguerrero-reekz-mb-tartan-notion-dub,Fimiguerrero & Reekz MB,Tartan (NOTION Dub),2,US38Y2547138,https://www.beatport.com/track/tartan/23446908,medium,beatport
finky-move-ya-body,Finky,Move Ya Body,2,,,low,no-match
fisher-aatig-vs-oliver-heldens-nile-rodgers-house-gospel-choir-take-it-off-vs-i-was-made-for-lovin-you-oliver-heldens-mashup,FISHER & Aatig vs. Oliver Heldens & Nile Rodgers & House Gospel Choir,Take It Off vs. I Was Made For Lovin' You (Oliver Heldens Mashup),2,CA5KR2349671,https://www.beatport.com/track/take-it-off/17716164,medium,beatport
fisher-florence-arman-what-a-life-feat-florence-arman-original-mix,"FISHER, Florence Arman",What A Life (feat. Florence Arman) (Original Mix),2,QT47L2600043,,medium,musicbrainz
flatbush-zombies-palm-trees-tape-b-ct5-flip-2,Flatbush Zombies,Palm Trees (Tape B CT5 Flip),2,US39N2305789,https://www.beatport.com/track/palm-trees/27839955,medium,beatport
florence-the-machine-you-ve-got-the-love-acappella,Florence + The Machine,You've Got The Love (Acappella),2,GBUM70900237,https://www.beatport.com/track/you-ve-got-the-love/23574327,medium,beatport
franky-rizardo-shinjuku-dj-kuba-neitan-remix,Franky Rizardo,Shinjuku (DJ KUBA & NEITAN Remix),2,NLML62600054,https://www.beatport.com/track/shinjuku/24338437,medium,beatport
freak-me-baby-luke-dubose,Freak Me Baby,Luke DuBose,2,,,low,no-match
fred-again-skepta-plaqueboymax-victory-lap-harty-edit,"FRED AGAIN, SKEPTA, PLAQUEBOYMAX",VICTORY LAP (HARTY EDIT),2,GBAHS2500558,https://www.beatport.com/track/victory-lap/24376735,medium,beatport
fred-again-baby-keem-vs-lorde-flume-leavemealone-vs-tennis-court-fredrick-flip,Fred again.. & Baby Keem vs. Lorde & Flume,leavemealone vs. Tennis Court (Fredrick Flip),2,NZUM72300107,https://www.beatport.com/track/tennis-court/17533564,medium,beatport
fred-again-skepta-plaqueboymax-victory-lap-hills-remix-2,Fred again.. & Skepta & PlaqueBoyMax,Victory Lap (HILLS Remix),2,GBAHS2500558,https://www.beatport.com/track/victory-lap/20636041,medium,beatport
fred-again-skepta-plaqueboymax-victory-lap-artifakts-remix,Fred again.. & Skepta & PlaqueBoyMax,Victory Lap (Artifakts Remix),2,GBAHS2500558,https://www.beatport.com/track/victory-lap/20636041,medium,beatport
fred-again-x-da-hool-victory-lap-kamino-unhinged-edit,Fred again.. x Da Hool,Victory Lap (Kamino Unhinged Edit),2,GBAHS2500558,https://www.beatport.com/track/victory-lap/24376737,medium,beatport
funk-tribu-azul-mandy-edit,Funk Tribu,Azul (MANDY Edit),2,QM7282531088,https://www.beatport.com/track/azul/20527979,medium,beatport
future-i-serve-the-base-tape-b-flip,Future,I Serve The Base (Tape B Flip),2,USSM11505576,https://www.beatport.com/track/i-serve-the-base/6879915,medium,beatport
g-pol-proper-education,G-POL,Proper Education,2,,,low,no-match
gabriel-dresden-blake-08-velour-anjunadeep,Gabriel & Dresden & Blake.08,Velour (Anjunadeep),2,GBEWA2602331,https://www.beatport.com/track/velour/28938212,medium,beatport
gala-freed-from-desire-oliver-heldens-eurorave-remix,Gala,Freed From Desire (Oliver Heldens EuroRave Remix),2,ITA179700157,https://www.beatport.com/track/freed-from-desire/15008763,medium,beatport
ganja-white-night-tape-b-ganja-tape-tape-b-vip,Ganja White Night & Tape B,Ganja Tape (Tape B VIP),2,TCAIT2433062,https://www.beatport.com/track/ganja-tape/19500694,medium,beatport
gary-beck-paid-out-mike-dehnert-remix-bek-audio,Gary Beck,Paid Out [Mike Dehnert Remix] - Bek Audio,2,GBX6A1200014,https://www.beatport.com/track/paid-out/3232852,medium,beatport
gary-beck-say-what-adam-beyer-remix-saved,Gary Beck,Say What [Adam Beyer Remix] - Saved,2,GB3CE1400003,https://www.beatport.com/track/say-what/5152872,medium,beatport
ghstghstghst-jckjckjck,GHSTGHSTGHST,JCKJCKJCK,2,,,low,no-match
gigi-d-agostino-bla-bla-bla-biggrand-techhouse-edit,Gigi D'Agostino,Bla Bla Bla (BigGrand TechHouse Edit),2,DEA310908336,https://www.beatport.com/track/bla-bla-bla/8604850,medium,beatport
giuseppe-ottaviani-live-id,Giuseppe Ottaviani,Live ID,2,,,low,no-match
goom-gum-just-be-good-to-me,Goom Gum,Just Be Good To Me,2,,,low,no-match
gordo-feid-hombres-y-mujeres,GORDO & Feid,Hombres Y Mujeres,2,USUS12200875,https://www.beatport.com/track/hombres-y-mujeres/17087050,high,beatport
gordo-reinier-zonneveld-loco-loco-coone-maddix-mashup,GORDO & Reinier Zonneveld,Loco Loco (Coone & Maddix Mashup),2,NL9D62600002,https://www.beatport.com/track/loco-loco/23904036,medium,beatport
gorillaz-ft-tame-impala-bootie-brown-new-gold-dom-dolla-remix,Gorillaz ft. Tame Impala & Bootie Brown,New Gold (Dom Dolla Remix),2,GBAYE2202519,https://www.beatport.com/track/new-gold-feat-tame-impala-and-bootie-brown/17139538,medium,beatport
green-velvet-la-la-land-remastered-version,Green Velvet,La La Land - Remastered Version,2,CA5KR2649018,https://www.beatport.com/track/la-la-land/28628634,medium,beatport
green-velvet-harvard-bass-lazer-beams-alok-remix-2,Green Velvet & Harvard Bass,Lazer Beams (Alok Remix),2,GBUR62001286,https://www.beatport.com/track/lazer-beams/28146066,high,beatport
green-velvet-harvard-bass-lazer-beams-adam-beyer-massano-remix,Green Velvet & Harvard Bass,Lazer Beams (Adam Beyer & Massano Remix),2,GBUR62001285,https://www.beatport.com/track/lazer-beams/28146065,high,beatport
greg-99-pump-it-up,GREG 99,Pump It Up,2,NLRD52426139,https://www.beatport.com/track/pump-it-up/20721799,high,beatport
groove-armada-superstylin-bleu-clair-edit,Groove Armada,Superstylin' (Bleu Clair Edit),2,GB9UU1600076,https://www.beatport.com/track/superstylin/8290457,medium,beatport
grum-amba-shepherd-slow-motion-anjunabeats,Grum & Amba Shepherd,Slow Motion (Anjunabeats),2,GBEWA2601191,https://www.beatport.com/track/slow-motion/26882438,medium,beatport
grum-and-big-gal-mega-bertha-deep-state,Grum and Big Gal,Mega Bertha (Deep State),2,GBC4T2026503,https://www.beatport.com/track/mega-bertha/29644723,medium,beatport
guy-j-beast-of-sea,Guy J,Beast Of Sea,2,DEY032001648,https://www.beatport.com/track/beast-of-sea/13761490,high,beatport
gvn-forever-enhanced-progressive-2,GVN,Forever [Enhanced Progressive],2,CA5KR2661938,https://www.beatport.com/track/forever/29569822,medium,beatport
hamdi-ft-princess-superstar-counting-taiki-nulight-remix,Hamdi ft. Princess Superstar,Counting (Taiki Nulight Remix),2,CAUM82400014,https://www.beatport.com/track/counting/18667870,high,beatport
hannah-laing-hijack-the-system-extended-mix,Hannah Laing,Hijack The System (Extended Mix),2,US39N2657286,https://www.beatport.com/track/hijack-the-system/28098429,high,beatport
hannah-laing-stomp-your-feet-extended-mix,Hannah Laing,Stomp Your Feet (Extended Mix),2,US39N2628928,https://www.beatport.com/track/stomp-your-feet/23938952,high,beatport
hardsok-vs-florence-the-machine-forever-vs-spectrum-say-my-name-restricted-edit,HARDSOK vs. Florence + The Machine,Forever vs. Spectrum (Say My Name) (Restricted Edit),2,GBUM72406894,https://www.beatport.com/track/say-my-name/19802944,medium,beatport
hardt-antoine-i-need-someone,Hardt Antoine,I Need Someone,2,DEEC31810426,https://www.beatport.com/track/i-need-someone/17488192,high,beatport
hardwell-ultra-music-festival-2015-nhac-chuong,Hardwell,Ultra Music Festival 2015 (Nhạc Chuông),2,,,low,no-match
hardwell-maddix-luciana-vs-roberto-molinaro-t78-bombacid-hardwell-smashup,Hardwell & Maddix & Luciana vs. Roberto Molinaro & T78,BOMBACID (Hardwell Smashup),2,,,low,no-match
hardwell-makj-countdown-acappella,Hardwell & MAKJ,Countdown (Acappella),2,NLS241204066,https://www.beatport.com/track/countdown/4750728,medium,beatport
hardwell-olly-james-vs-hardwell-vs-tyla-flatline-vs-spaceman-vs-water-hardwell-mashup,Hardwell & Olly James vs. Hardwell vs. Tyla,Flatline vs. Spaceman vs. Water (Hardwell Mashup),2,NLCY31100367,https://www.beatport.com/track/spaceman/5783181,medium,beatport
hardwell-ryos-vs-bruno-mars-rise-again-vs-locked-out-of-heaven-hardwell-mashup,Hardwell & RYOS vs. Bruno Mars,Rise Again vs. Locked Out Of Heaven (Hardwell Mashup),2,NL8RL2571019,https://www.beatport.com/track/rise-again/22440806,medium,beatport
hardwell-sound-rush-iris,Hardwell & Sound Rush,IRIS,2,,,low,no-match
hardwell-vs-amba-shepherd-lift-off-vs-apollo-hardwell-mashup,Hardwell vs. Amba Shepherd,Lift Off vs. Apollo (Hardwell Mashup),2,NLQ8D2500306,https://www.beatport.com/track/lift-off/23215995,medium,beatport
harry-diamond-feat-alix-desire-mecha,Harry Diamond feat. Alix,Desire (MECHA),2,GBKQU2636410,https://www.beatport.com/track/desire/28358019,medium,beatport
haven-i-run-hills-remix,HAVEN.,I Run (HILLS Remix),2,CA5KR2637762,https://www.beatport.com/track/i-run/24254634,medium,beatport
haven-ft-kaitlin-aragon-i-run-hills-remix,HAVEN. ft. Kaitlin Aragon,I Run (HILLS Remix),2,CA5KR2637762,https://www.beatport.com/track/i-run/24254634,medium,beatport
heikoon-let-go,Heikoon,Let Go,2,CH3132420808,https://www.beatport.com/track/let-go/29718832,high,beatport
hel-slowed-nina-de-koning-give-it-to-me,Hel:sløwed & Nina de Koning,Give It To Me,2,,,low,no-match
hi-lo-bonzai-extended-mix,HI-LO,BONZAI (Extended Mix),2,US39N2305678,https://www.beatport.com/track/bonzai/17781865,high,beatport
hi-lo-lusu-vs-barbatuques-dizzy-vs-baiana-hi-lo-mashup,HI-LO & LUSU vs. Barbatuques,Dizzy vs. Baianá (HI-LO Mashup),2,GBUR62000901,https://www.beatport.com/track/dizzy/19472542,medium,beatport
hi-lo-temper-vs-timbaland-nelly-furtado-justin-timberlake-work-that-body-vs-give-it-to-me-oliver-heldens-mashup,HI-LO & Temper vs. Timbaland & Nelly Furtado & Justin Timberlake,Work That Body vs. Give It To Me (Oliver Heldens Mashup),2,NLF712501896,https://www.beatport.com/track/work-that-body/20399062,medium,beatport
hi-lo-vs-sebastian-ingrosso-tommy-trash-john-martin-bonzai-vs-reload-oliver-heldens-mashup,HI-LO vs. Sebastian Ingrosso & Tommy Trash & John Martin,BONZAI vs. Reload (Oliver Heldens Mashup),2,US39N2305678,https://www.beatport.com/track/bonzai/17781865,medium,beatport
hntr-enya-id,HNTR,ENYA ID,2,,,low,no-match
hogland-philip-strand-love-you-loud-extended-mix,"Hogland, Philip Strand",Love You Loud (Extended Mix),2,,,low,no-match
honey-dews-on-the-line,Honey Dews,On The Line,2,GXHA52600015,https://www.beatport.com/track/on-the-line/29751240,high,beatport
hugel-solto-jamaican-bam-bam-jast-remix,HUGEL & SOLTO,Jamaican (Bam Bam) (Jast Remix),2,ITFGO2500100,https://www.beatport.com/track/jamaican-bam-bam/22357262,medium,beatport
id-a-state-of-trance-id-002-asot-1271,ID,A State of Trance ID #002 (ASOT 1271),2,US83Z2348062,https://www.beatport.com/track/id/19107358,medium,beatport
id-rushin-fnksta-unrlsd,ID: Rushin',Fnksta (UNRLSD),2,GBLV62517269,https://www.beatport.com/track/fnksta/22502958,medium,beatport
illenium-dabin-ft-bastille-feel-alive,ILLENIUM & Dabin ft. Bastille,Feel Alive,2,USUG12509641,https://www.beatport.com/track/feel-alive/23573267,high,beatport
illenium-hayla-in-my-arms,ILLENIUM & HAYLA,In My Arms,2,USUG12505034,https://www.beatport.com/track/in-my-arms/20686936,high,beatport
illenium-hayla-in-my-arms-wooli-remix,ILLENIUM & HAYLA,In My Arms (Wooli Remix),2,USUG12505400,https://www.beatport.com/track/in-my-arms/26663814,high,beatport
illenium-ft-spiritbox-shivering,ILLENIUM ft. Spiritbox,Shivering,2,USWB12201382,https://www.beatport.com/track/shivering/22144529,high,beatport
illenium-ft-wylde-ur-alive,ILLENIUM ft. WYLDE,Ur Alive,2,USUG12506630,https://www.beatport.com/track/ur-alive/20941814,high,beatport
illusionize-victor-lou-fucking-party,Illusionize & Victor Lou,Fucking Party,2,DEEE71500469,https://www.beatport.com/track/fucking-party/7099670,high,beatport
inclame-cipher,Incláme,Cipher,2,DEXN92348053,https://www.beatport.com/track/cipher/18317632,high,beatport
isaiah-rashad-same-sh-t-tape-b-flip,Isaiah Rashad,SAME SH!T (Tape B Flip),2,USWB12601322,https://www.beatport.com/track/same-sh-t/28420753,medium,beatport
isoxo-fuck-the-speakerz-up-tylow-remix,ISOxo,FUCK THE SPEAKERZ UP (Tylow Remix),2,QZTGW2603580,https://www.beatport.com/track/fuck-the-speakerz-up/29212461,medium,beatport
j-kwon-tipsy-brandon-bootleg,J-Kwon,Tipsy (BRANDON Bootleg),2,USAR10301218,https://www.beatport.com/track/tipsy/6345161,medium,beatport
jack-back-it-happens-sometimes-james-hype-sync-intro-edit,Jack Back,(It Happens) Sometimes (James Hype SYNC Intro Edit),2,GBCPZ1814968,https://www.beatport.com/track/it-happens-sometimes/11463421,medium,beatport
james-hype-reprise,James Hype,Reprise,2,,,low,no-match
james-hype-on-more-edit,James Hype,On More Edit,2,,,low,no-match
james-hype-give-me-fire,James Hype,Give Me Fire,2,,,low,no-match
james-hype-909,James Hype,909,2,,,low,no-match
james-hype-wild-dnb-edit,James Hype,Wild (DnB Edit),2,US38Y2406343,https://www.beatport.com/track/wild/18797001,medium,beatport
james-hype-godzilla,James Hype,Godzilla,2,,,low,no-match
james-hype-lose-control-2025-edit,James Hype,Lose Control (2025 Edit),2,NLRD52319305,https://www.beatport.com/track/lose-control/24372084,medium,beatport
james-hype-major-lazer-number-1-https-lnk-to-sh-number1,James Hype & Major Lazer,Number 1 https://lnk.to/sh-number1,2,US39N2308542,https://www.beatport.com/track/number-1/17888279,medium,beatport
james-hype-tita-lau-disconnected-james-hype-sync-edit,James Hype & Tita Lau,Disconnected (James Hype SYNC Edit),2,ZZOPM2117766,https://www.beatport.com/track/disconnected/15979625,medium,beatport
james-hype-ft-kelli-leigh-hold-me,James Hype ft. Kelli-Leigh,Hold Me,2,,,low,no-match
james-hype-ft-sam-harper-bobby-harvey-waterfalls-vip-mix,James Hype ft. Sam Harper & Bobby Harvey,Waterfalls (VIP Mix),2,GBUM72504514,https://www.beatport.com/track/waterfalls/20978661,medium,beatport
jan-kincl-daylight-you-are-my,Jan Kincl,Daylight (You Are My),2,,,low,no-match
jaytech-ageha-positronic,Jaytech,Ageha (Positronic),2,CA5KR2652818,https://www.beatport.com/track/ageha/28931280,medium,beatport
jaytech-omni-astron4ut-remix-positronic,Jaytech,Omni [ASTRON4UT Remix] (Positronic),2,CA5KR2656685,https://www.beatport.com/track/omni/29210955,medium,beatport
jaytech-ultramarine-anjunabeats,Jaytech,Ultramarine (Anjunabeats),2,GBEWA2603173,https://www.beatport.com/track/ultramarine/29632493,medium,beatport
jaytech-helius-positronic,Jaytech,Helius (Positronic),2,CA5KR2647566,https://www.beatport.com/track/helius/28492743,medium,beatport
jody-wisternoff-jamie-mcdermott-citadel-anjunadeep,Jody Wisternoff & Jamie McDermott,Citadel (Anjunadeep),2,GBEWA2601851,https://www.beatport.com/track/citadel/28505721,medium,beatport
joel-corry-jax-jones-ft-charli-xcx-saweetie-out-out-joel-corry-vip-mix,Joel Corry & Jax Jones ft. Charli xcx & Saweetie,Out Out (Joel Corry VIP Mix),2,UK4ZF2100518,,low,musicbrainz
joel-corry-taylr-renee-idgaf,Joel Corry & Taylr Renee,IDGAF,2,,,low,no-match
joel-corry-volkoder-shine,Joel Corry & Volkoder,Shine,2,,,low,no-match
joel-corry-ft-mabel-i-wish-vip-mix,Joel Corry ft. Mabel,I Wish (VIP Mix),2,GBAHS2101215,https://www.beatport.com/track/i-wish-feat-mabel/22093810,medium,beatport
joey-london-style-pheelo-never-stop,Joey London Style & Pheelo,Never Stop,2,,,low,no-match
joeysuki-kill-the-buzz-josh-le-tissier-vs-hardwell-harrison-vs-martin-garrix-bonn-life-is-calling-vs-earthquake-vs-high-on-life-hardwell-mashup,JoeySuki & Kill The Buzz & Josh Le Tissier vs. Hardwell & Harrison vs. Martin Garrix & Bonn,Life Is Calling vs. Earthquake vs. High On Life (Hardwell Mashup),2,,,low,no-match
john-gibbons-kaveena-waves-around-your-heart-extended-mix,"John Gibbons, KAVEENA",Waves Around Your Heart (Extended Mix),2,IEHRA2600024,https://www.beatport.com/track/waves-around-your-heart/29579400,high,beatport
john-grand-hyperstate-euphonic,John Grand,Hyperstate (Euphonic),2,DEL672600048,https://www.beatport.com/track/hyperstate/29074912,medium,beatport
john-grand-walk-away-enhanced-progressive,John Grand,Walk Away (Enhanced Progressive),2,CA5KR2658082,https://www.beatport.com/track/walk-away/29349311,medium,beatport
john-summit-absolutely-cyanide-john-summit-trance-remix,John Summit & Absolutely,CYANIDE (John Summit Trance Remix),2,USA2P2605973,https://www.beatport.com/track/cyanide/28490862,medium,beatport
john-summit-sub-focus-ft-julia-church-go-back-acappella,John Summit & Sub Focus ft. Julia Church,Go Back (Acappella),2,USUG12402628,https://www.beatport.com/track/go-back-feat-julia-church/19036613,medium,beatport
john-summit-ft-cloves-focus-edip-remix,John Summit ft. CLOVES,Focus (EdiP Remix),2,USUG12508886,https://www.beatport.com/track/focus-feat-cloves/22095335,medium,beatport
john-summit-gorgon-city-rhys-from-the-sticks-is-everybody-having-fun-feat-rhys-from-the-sticks,"John Summit, Gorgon City, rhys from the sticks",Is Everybody Having Fun? (feat. rhys from the sticks),2,USUG12503302,https://www.beatport.com/track/is-everybody-having-fun-feat-rhys-from-the-sticks/20627350,medium,beatport
joris-voorn-horizon-eelke-kleijn-remix-armada,Joris Voorn,Horizon [Eelke Kleijn Remix] (Armada),2,NLF712603331,https://www.beatport.com/track/horizon/29377481,medium,beatport
joris-voorn-x-funk-d-void-diabla-armada,Joris Voorn x Funk D’Void,Diabla (Armada),2,NLF712602799,https://www.beatport.com/track/diabla/28998434,medium,beatport
jose-bonetto-confusion,Jose Bonetto,Confusion,2,,,low,no-match
jose-bonetto-shifted-reality,Jose Bonetto,Shifted Reality,2,,,low,no-match
juicy-j-wax-tape-b-flip,Juicy J,Wax (Tape B Flip),2,USSM11303987,https://www.beatport.com/track/wax/4965606,medium,beatport
julian-cross-fision-hardwell-afrojack-vs-cloonee-inntraw-young-m-a-vs-kid-cudi-mgmt-ratatat-steve-aoki-kutmug-vs-stephanie-vs-pursuit-of-happiness-hardwell-mashup,Julian Cross & FISION & Hardwell & AFROJACK vs. Cloonee & InntRaw & Young M.A vs. Kid Cudi & MGMT & Ratatat & Steve Aoki,KUTMUG vs. Stephanie vs. Pursuit Of Happiness (Hardwell Mashup),2,NL8RL2550037,https://www.beatport.com/track/kutmug/23216116,medium,beatport
julian-fijma-get-stupid-micah-baxter-edit,Julian Fijma,Get Stupid (Micah Baxter Edit),2,US38Y2562240,https://www.beatport.com/track/get-stupid/20889654,medium,beatport
jurgenson-untitled,Jurgenson,Untitled,2,,,low,no-match
justice-d-a-n-c-e-acappella,Justice,D.A.N.C.E. (Acappella),2,FR0NT0800980,,medium,musicbrainz
justice-vs-simian-we-are-your-friends-james-hype-edit,Justice vs. Simian,We Are Your Friends (James Hype Edit),2,GBAAA0600219,https://www.beatport.com/track/we-are-your-friends/17302679,medium,beatport
justin-timberlake-ft-timbaland-sexyback-acappella,Justin Timberlake ft. Timbaland,SexyBack (Acappella),2,USJI10600490,https://www.beatport.com/track/sexyback/4776931,medium,beatport
justus-my-league,Justus,My League,2,NL7P12500010,https://www.beatport.com/track/my-league/30050792,high,beatport
k-one-groovebaby-who-will-find-me,K.One & GROOVEBABY,Who Will Find Me?,2,,,low,no-match
kaaze-destination-calabria-rave-version,KAAZE,Destination Calabria (Rave Version),2,NLZ542400837,https://www.beatport.com/track/destination-calabria/19837773,medium,beatport
kaaze-for-you,KAAZE,FOR YOU,2,BEIW12600336,https://www.beatport.com/track/for-you/29659645,high,beatport
kanye-west-power-acappella,Kanye West,Power (Acappella),2,USUM71018220,https://www.beatport.com/track/power/24342450,medium,beatport
kanye-west-can-t-tell-me-nothing-acappella,Kanye West,Can't Tell Me Nothing (Acappella),2,USUM70739239,https://www.beatport.com/track/can-t-tell-me-nothing/12500809,medium,beatport
kanye-west-can-t-tell-me-nothing-cave-studio-edit,Kanye West,Can't Tell Me Nothing (Cave Studio Edit),2,USUM70739239,https://www.beatport.com/track/can-t-tell-me-nothing/12500809,medium,beatport
kate-ryan-desenchantee-mike-williams-remix,Kate Ryan,Désenchantée (Mike Williams Remix),2,NLZ542300300,https://www.beatport.com/track/desenchantee/25995930,medium,beatport
kate-ryan-desenchantee-oliver-heldens-eurorave-remix,Kate Ryan,Désenchantée (Oliver Heldens EuroRave Remix),2,NLZ542300301,https://www.beatport.com/track/desenchantee/17441619,high,beatport
kazden-cube-cartel-rt-jasskall-vs-bob-sinclar-vs-john-summit-hayla-thunder-shivers-hardwell-mashup,Kazden & Cube Cartel & RT & Jasskall vs. Bob Sinclar vs. John Summit & HAYLA,Thunder Shivers (Hardwell Mashup),2,,,low,no-match
kendrick-lamar-swimming-pools-drank-brandon-bootleg,Kendrick Lamar,Swimming Pools (Drank) (BRANDON Bootleg),2,USUM71207642,https://www.beatport.com/track/swimming-pools-drank/24341779,medium,beatport
kendrick-lamar-backseat-freestyle-know-good-tape-b-flip,Kendrick Lamar,Backseat Freestyle (Know Good & Tape B Flip),2,USUM71210777,https://www.beatport.com/track/backseat-freestyle/24362250,medium,beatport
kettama-raw-cuts-michael-bibi-remix,KETTAMA,Raw Cuts (Michael Bibi Remix),2,,,low,no-match
kevin-de-vries-in-the-night-extended-mix,Kevin de Vries,In The Night (Extended Mix),2,NLZ542600280,https://www.beatport.com/track/in-the-night/29216413,high,beatport
kh-looking-at-your-pager-chris-lake-remix-extended,KH,Looking at Your Pager (Chris Lake Remix - Extended),2,GBCEN2200052,https://www.beatport.com/track/looking-at-your-pager/16500304,high,beatport
kid-cudi-ft-mgmt-ratatat-steve-aoki-vs-dimitri-vegas-like-mike-moguai-pursuit-of-happiness-vs-mammoth-dimitri-vegas-like-mike-mashup,Kid Cudi ft. MGMT & Ratatat & Steve Aoki vs. Dimitri Vegas & Like Mike & MOGUAI,Pursuit Of Happiness vs. Mammoth (Dimitri Vegas & Like Mike Mashup),2,NLZ541300026,https://www.beatport.com/track/mammoth/4993054,medium,beatport
kloyd-tonguetied-everything-for-you-anjunadeep,Kloyd & Tonguetied,Everything (For You) (Anjunadeep),2,,,low,no-match
korolova-r3hab-hi-hello,Korolova & R3HAB,Hi Hello,2,,,low,no-match
korolova-damen-keep-it-real-extended-mix,"Korolova, DAMEN",Keep It Real (Extended Mix),2,BE5KW2500655,https://www.beatport.com/track/keep-it-real/20034063,high,beatport
korolova-the-hardkiss-higher-calling,Korolova/The Hardkiss,Higher Calling,2,GBKQU2523343,https://www.beatport.com/track/higher-calling/20224368,high,beatport
krank-diet-coke,KRANK,Diet Coke,2,,,low,no-match
kshmr-jason-ross-brieanna-grace-ultra-love-ryos-remix-extended-mix,"KSHMR, Jason Ross, Brieanna Grace",Ultra Love (RYOS Remix) [Extended Mix],2,NLZ542600260,https://www.beatport.com/track/ultra-love/29211463,high,beatport
kucka-no-good-for-me-odd-mob-remix,KUČKA,No Good For Me (Odd Mob Remix),2,AULI01927460,https://www.beatport.com/track/no-good-for-me/15244114,medium,beatport
kx-chr-ft-mandy-vs-blackpink-everybody-dance-now-vs-jump-mandy-mashup,KX CHR ft. MANDY vs. BLACKPINK,Everybody Dance Now vs. Jump (MANDY Mashup),2,BE5KW2500913,https://www.beatport.com/track/everybody-dance-now/21966730,medium,beatport
kyau-albert-x-hello-machines-one-last-time-euphonic-visions,Kyau & Albert x Hello Machines,One Last Time (Euphonic Visions),2,DEL672600062,https://www.beatport.com/track/one-last-time/29652933,medium,beatport
kyau-albert-x-john-grand-under-my-skin-john-grand-remix-euphonic,Kyau & Albert x John Grand,Under My Skin (John Grand Remix) [Euphonic],2,DEL672500106,https://www.beatport.com/track/under-my-skin/23303617,medium,beatport
kygo-ft-conrad-sewell-firestone-acappella,Kygo ft. Conrad Sewell,Firestone (Acappella),2,QMCE31500426,https://www.beatport.com/track/firestone/24818435,medium,beatport
kygo-khalid-gryffin-meduza-save-my-love-meduza-remix-extended-version,"Kygo, Khalid, Gryffin, MEDUZA",Save My Love (MEDUZA Remix - Extended Version),2,SEBGA2600516,https://www.beatport.com/track/save-my-love/28505605,high,beatport
kyle-pearce-hurting-original-mix,Kyle Pearce,Hurting (Original Mix),2,GXGUF2600163,https://www.beatport.com/track/hurting/28609114,high,beatport
l-a-style-james-brown-is-dead-umek-unofficial-remix-white-label,L.A. Style,James Brown Is Dead (UMEK Unofficial Remix) [White Label],2,,,low,no-match
la-bouche-sweet-dreams-camoufly-remix,La Bouche,Sweet Dreams (camoufly Remix),2,DED169600144,https://www.beatport.com/track/sweet-dreams/5312269,medium,beatport
lana-del-rey-summertime-sadness-acappella,Lana Del Rey,Summertime Sadness (Acappella),2,GB7EJ1300201,https://www.beatport.com/track/summertime-sadness/4216623,medium,beatport
lana-del-rey-young-beautiful-zeds-dead-subtronics-tape-b-flip-tape-b-ct5-version,Lana Del Rey,Young & Beautiful (Zeds Dead & Subtronics & Tape B Flip / Tape B CT5 Version),2,NLZ541301573,https://www.beatport.com/track/young-and-beautiful/4530285,medium,beatport
lane-8-teho-pulsar-this-never-happened,Lane 8 & Teho,Pulsar (This Never Happened),2,GBEWA2601777,https://www.beatport.com/track/pulsar/28485501,medium,beatport
lar-take-control,LAR,Take Control,2,,,low,no-match
lar-taylr-renee-rewind-anjunadeep-explorations,LAR & Taylr Renee,Rewind (Anjunadeep Explorations),2,GBEWA2602573,https://www.beatport.com/track/rewind/29675655,medium,beatport
layton-giordani-feat-camden-cox-destiny-madminds,Layton Giordani feat. Camden Cox,Destiny [Madminds],2,NLF712600745,https://www.beatport.com/track/destiny/23963881,high,beatport
le-youth-i-m-broken-this-never-happened,Le Youth,i’m broken (This Never Happened),2,GBEWA2602170,https://www.beatport.com/track/i-m-broken/29019689,medium,beatport
leboncoin-ba-ga-ta-by-non-bonds-one,leboncoin,Ba Ga Ta By Non Bonds One,2,,,low,no-match
liam-wilson-hesitate,Liam Wilson,Hesitate,2,,,low,no-match
lil-baby-freestyle,Lil Baby,Freestyle,2,QZ4JX1760834,https://www.beatport.com/track/freestyle/23417979,high,beatport
lil-uzi-vert-you-was-right-tape-b-flip,Lil Uzi Vert,You Was Right (Tape B Flip),2,USAT21601721,https://www.beatport.com/track/you-was-right/24354098,medium,beatport
lil-bow-wow-snoop-dogg-bow-wow-that-s-my-name-brandon-bootleg,Lil' Bow Wow & Snoop Dogg,Bow Wow (That's My Name) (BRANDON Bootleg),2,USSM10100900,https://www.beatport.com/track/bow-wow-that-s-my-name/27230400,medium,beatport
lilly-palmer-bigger-then-techno,Lilly Palmer,Bigger Then Techno,2,NLF712600649,https://www.beatport.com/track/bigger-than-techno/24062484,medium,beatport
lilly-palmer-do-you-want-it,Lilly Palmer,Do You Want It,2,,,low,no-match
lmichael-aluku-rebels-midnight-feat-alexander-wall,LMichael/Aluku Rebels,Midnight feat. Alexander Wall,2,GBKQU2515416,https://www.beatport.com/track/midnight/20176711,high,beatport
lost-frequencies-listen-to-me-extended-version,Lost Frequencies,Listen To Me (Extended Version),2,BEHP42500018,https://www.beatport.com/track/listen-to-me/22780917,high,beatport
lost-frequencies-bastille-head-down-lost-frequencies-suark-deluxe-extended-mix,"Lost Frequencies, Bastille",Head Down (Lost Frequencies & SUARK Deluxe Extended Mix),2,BEHP42400005,https://www.beatport.com/track/head-down/18698848,high,beatport
lost-frequencies-pickle-kick-the-nation-extended-version,"Lost Frequencies, Pickle",Kick The Nation (Extended Version),2,BEHP42400045,https://www.beatport.com/track/kick-the-nation/19880437,high,beatport
lost-frequencies-tom-gregory-dive-deluxe-extended-mix,"Lost Frequencies, Tom Gregory",Dive (Deluxe Extended Mix),2,BEHP42300041,https://www.beatport.com/track/dive/18198199,medium,beatport
lowriders-don-t-get-back-mandy-remix,Lowriders,Don't Get Back (MANDY Remix),2,,https://www.beatport.com/track/don-t-get-back/195120,medium,beatport
lsd-thunderclouds-lost-frequencies-extended-remix,LSD,Thunderclouds (Lost Frequencies Extended Remix),2,USQX91803039,https://www.beatport.com/track/thunderclouds/21510209,medium,beatport
lucas-steve-up-till-dawn-on-the-move-lucas-steve-2024-edit,Lucas & Steve,Up Till Dawn (On The Move) (Lucas & Steve 2024 Edit),2,NLZ541700785,https://www.beatport.com/track/up-till-dawn-on-the-move/9440405,medium,beatport
lucas-steve-steve-aoki-vs-empire-of-the-sun-weirder-things-vs-walking-on-a-dream-lucas-steve-mashup,Lucas & Steve & Steve Aoki vs. Empire Of The Sun,Weirder Things vs. Walking On A Dream (Lucas & Steve Mashup),2,USA2P2570495,https://www.beatport.com/track/weirder-things/26745003,medium,beatport
ludacris-ft-shawnna-what-s-your-fantasy-shemm-rave-remix,Ludacris ft. Shawnna,What's Your Fantasy (Shemm Rave Remix),2,USDJ20010349,https://www.beatport.com/track/what-s-your-fantasy/20919789,medium,beatport
luigi-madonna-i-believe-drumcode,Luigi Madonna,I Believe - Drumcode,2,,,low,no-match
lurum-all-that-remains-eccentricity,LÜRUM,All That Remains (Eccentricity),2,GBKQU2646472,https://www.beatport.com/track/all-that-remains/28738698,medium,beatport
m-o-s-one-love-plaisirs-sonores,M.O.S.,One Love (Plaisirs Sonores),2,US83Z2644732,https://www.beatport.com/track/one-love/29599623,medium,beatport
m-o-s-skywalkers-paul-thomas-remix-uv,M.O.S.,Skywalkers [Paul Thomas Remix] (UV),2,US83Z2645236,https://www.beatport.com/track/skywalkers/29637300,medium,beatport
m83-eric-prydz-vs-the-temper-trap-midnight-city-vs-sweet-disposition-steve-angello-mashup,M83 & Eric Prydz vs. The Temper Trap,Midnight City vs. Sweet Disposition (Steve Angello Mashup),2,GBZUZ0900026,https://www.beatport.com/track/sweet-disposition/10281449,medium,beatport
mac-miller-perfect-circle-tape-b-jkyl-hyde-flip,Mac Miller,Perfect Circle (Tape B & Jkyl & Hyde Flip),2,,,low,no-match
macker-something-deeper-extended-mix,Macker,Something Deeper (Extended Mix),2,BK4DA2524479,https://www.beatport.com/track/something-deeper/22355684,high,beatport
maesic-technologic-2,Maesic,Technologic,2,,,low,no-match
majestic-annihilator-https-lnk-to-maj-ann,Majestic,Annihilator https://lnk.to/MAJ-ANN,2,US39N2302878,https://www.beatport.com/track/annihilator/17581613,medium,beatport
makj-henry-fong-encore-get-your-hands-up-acappella,MAKJ & Henry Fong,Encore (Get Your Hands Up Acappella),2,NLXV51300024,https://www.beatport.com/track/encore/4919222,medium,beatport
makj-lil-jon-let-s-get-f-cked-up-acappella,MAKJ & Lil Jon,Let's Get F*cked Up (Acappella),2,USUS11202963,https://www.beatport.com/track/let-s-get-f-cked-up/5946258,medium,beatport
makj-m35-go-it-s-time-to-go-if-you-don-t-dig-techno-acappella,MAKJ & M35,GO (It's Time To Go If You Don't Dig Techno Acappella),2,USUS11202712,https://www.beatport.com/track/let-this-last-forever-feat-gary-go/5544405,medium,beatport
malaa-malaa-alter-ego-samuel-moriero-f-the-police-extended-mix,"Malaa, Malaa (Alter Ego), Samuel Moriero",F THE POLICE (Extended Mix),2,GBKQU2621204,https://www.beatport.com/track/f-the-police/24369831,high,beatport
mandy-wanna-feel-it,MANDY,Wanna Feel It,2,,,low,no-match
mandy-dark-bounce,MANDY,Dark Bounce,2,,,low,no-match
marco-v-sander-van-doorn-catalyst,Marco V & Sander van Doorn,Catalyst,2,NLZ542600329,https://www.beatport.com/track/catalyst/29594354,high,beatport
mariusz-raczkowski-something-remix,Mariusz Raczkowski,something (Remix),2,,,low,no-match
marlon-hoffstadt-get-buck-extended,Marlon Hoffstadt,Get Buck (Extended),2,USUG12606979,https://www.beatport.com/track/get-buck/29684634,medium,beatport
marlon-hoffstadt-party-people-extended,Marlon Hoffstadt,Party People (Extended),2,USUG12601554,https://www.beatport.com/track/party-people/29520772,medium,beatport
marlon-hoffstadt-don-t-give-a-shit-extended,Marlon Hoffstadt,Don't Give A Shit (Extended),2,USUG12606981,https://www.beatport.com/track/don-t-give-a-shit/30066019,medium,beatport
marlon-hoffstadt-aka-dj-daddy-trance-it-s-that-time-fisher-remix,Marlon Hoffstadt aka DJ Daddy Trance,It's That Time (FISHER Remix),2,QM4TX2371595,https://www.beatport.com/track/it-s-that-time/18041420,medium,beatport
marlon-hoffstadt-aka-dj-daddy-trance-vs-dimitri-vegas-like-mike-vini-vici-mattn-it-s-that-time-vs-cafe-del-mar-oliver-heldens-mashup,Marlon Hoffstadt aka DJ Daddy Trance vs. Dimitri Vegas & Like Mike & Vini Vici & MATTN,It's That Time vs. Cafe Del Mar (Oliver Heldens Mashup),2,QM4TX2371595,https://www.beatport.com/track/it-s-that-time/18041420,medium,beatport
marnik-arena-extended-mix,Marnik,ARENA (Extended Mix),2,,,low,no-match
marsh-beside-anjunadeep,Marsh,Beside (Anjunadeep),2,GBEWA2601711,https://www.beatport.com/track/beside/28417049,medium,beatport
marsh-home-marshan,Marsh,Home (Marshan),2,QMBZ92682993,https://www.beatport.com/track/home/29632114,medium,beatport
marten-horger-rave-parookaville-anthem-2026,MARTEN HØRGER,Rave (PAROOKAVILLE Anthem 2026),2,DEN062600457,https://www.beatport.com/track/rave-parookaville-anthem-2026/29189673,medium,beatport
marten-horger-crupo-swen-weber-feat-stush-get-low-extended-mix,"Marten Horger, Crüpo & Swen Weber feat. Stush",Get Low (Extended Mix),2,,,low,no-match
martin-garrix-animals-lucas-steve-flip,Martin Garrix,Animals (Lucas & Steve Flip),2,NLZ541300467,https://www.beatport.com/track/animals/24370951,medium,beatport
martin-garrix-matisse-sadko-barbz-vs-sander-van-doorn-dvbbs-aleesia-butterflies-vs-gold-skies-martin-garrix-mashup,Martin Garrix & Matisse & Sadko & BARBZ vs. Sander van Doorn & DVBBS & Aleesia,Butterflies vs. Gold Skies (Martin Garrix Mashup),2,,,low,no-match
martin-garrix-third-party-vs-nicky-romero-nervo-carry-you-vs-like-home-nicky-romero-mashup,Martin Garrix & Third ≡ Party vs. Nicky Romero & NERVO,Carry You vs. Like Home (Nicky Romero Mashup),2,NLUW21200012,https://www.beatport.com/track/like-home/3907632,medium,beatport
martin-garrix-vs-dimitri-vegas-like-mike-vs-avicii-ft-simon-aldred-tremor-vs-waiting-for-love-martin-garrix-mashup,Martin Garrix vs. Dimitri Vegas & Like Mike vs. Avicii ft. Simon Aldred,Tremor vs. Waiting For Love (Martin Garrix Mashup),2,,,low,no-match
martin-ikin-in-the-streets-james-hype-edit,Martin Ikin,In The Streets (James Hype Edit),2,US38Y2408816,https://www.beatport.com/track/in-the-streets/18907317,medium,beatport
mason-princess-superstar-oliver-heldens-vs-destiny-s-child-perfect-exceeder-vs-say-my-name-oliver-heldens-mashup,Mason & Princess Superstar & Oliver Heldens vs. Destiny's Child,Perfect (Exceeder) vs. Say My Name (Oliver Heldens Mashup),2,NLF712401355,https://www.beatport.com/track/perfect-exceeder/18800947,medium,beatport
massano-the-feeling-acor-ht-rework,Massano,The Feeling (ACOR HT Rework),2,DEEC33500549,https://www.beatport.com/track/the-feeling/16452815,medium,beatport
massano-the-feeling-2025-private-edit,Massano,The Feeling (2025 Private Edit),2,DEEC33500549,https://www.beatport.com/track/the-feeling/16452815,medium,beatport
matisse-sadko-vion-konger-scrufizzer-vs-nicky-romero-vs-zedd-foxes-pull-up-vs-toulouse-vs-clarity-nicky-romero-mashup,Matisse & Sadko & Vion Konger & Scrufizzer vs. Nicky Romero vs. Zedd & Foxes,Pull Up vs. Toulouse vs. Clarity (Nicky Romero Mashup),2,NLC281112345,https://www.beatport.com/track/toulouse/3144345,medium,beatport
matisse-sadko-vs-adele-himalaya-vs-rolling-in-the-deep-matisse-sadko-mashup,Matisse & Sadko vs. Adele,Himalaya vs. Rolling In The Deep (Matisse & Sadko Mashup),2,NLM5S2402349,https://www.beatport.com/track/himalaya/19767590,medium,beatport
matisse-sadko-vs-nicky-romero-vicetone-when-we-are-wild-endless-sunrise-vs-let-me-feel-sunjay-fuerte-mashup,Matisse & Sadko vs. Nicky Romero & Vicetone & When We Are Wild,Endless Sunrise vs. Let Me Feel (SunJay & Fuerte Mashup),2,GBKQU2655248,https://www.beatport.com/track/endless-sunrise/29031916,medium,beatport
matrick-vs-david-guetta-kid-cudi-we-are-the-universe-vs-memories-hardwell-mashup,MatricK vs. David Guetta & Kid Cudi,We Are The Universe vs. Memories (Hardwell Mashup),2,NL8RL2526727,https://www.beatport.com/track/we-are-the-universe/23216054,medium,beatport
matroda-bleu-clair-disco-tool-vip,Matroda & Bleu Clair,Disco Tool (VIP),2,CH6542179518,https://www.beatport.com/track/disco-tool/15771143,medium,beatport
matt-dybal-alan-krevo-vs-coldplay-raveline-vs-a-sky-full-of-stars-hardwell-umf-europe-2025-mashup,Matt Dybal & Alan Krevo vs. Coldplay,Raveline vs. A Sky Full Of Stars (Hardwell UMF Europe 2025 Mashup),2,GBAYE1400990,https://www.beatport.com/track/a-sky-full-of-stars/5600045,medium,beatport
maty-owl-in-the-flow-anjunadeep-explorations,Maty Owl,In The Flow (Anjunadeep Explorations),2,GBEWA2601736,https://www.beatport.com/track/in-the-flow/28425115,medium,beatport
mau-p-just-a-little-bit,Mau P,Just A Little Bit,2,,,low,no-match
max-dean-luke-dean-locky-can-t-decide-rsquared-remix,"Max Dean, Luke Dean, Locky",Can’t Decide (RSquared Remix),2,GBAHT2500366,https://www.beatport.com/track/can-t-decide/20976060,medium,beatport
max-styler-ft-ad-apt-one-more-solomun-remix,Max Styler ft. Ad-Apt,One More (Solomun Remix),2,NL8RL2621934,https://www.beatport.com/track/one-more-feat-ad-apt/24545038,medium,beatport
max-styler-franco-ba-rock-the-house-extended-mix,"Max Styler, FRANCO BA",Rock The House (Extended Mix),2,GBCPZ2321503,https://www.beatport.com/track/rock-the-house/17308489,high,beatport
maze-28-tell-me-again-anjunadeep-explorations,Maze 28,Tell Me Again (Anjunadeep Explorations),2,GBEWA2602673,https://www.beatport.com/track/tell-me-again/29202912,medium,beatport
mees-salome-robby-east-mindstate-this-never-happened,Mees Salomé & Robby East,Mindstate (This Never Happened),2,GBEWA2601111,https://www.beatport.com/track/mindstate/26825211,medium,beatport
melchior-sultana-ft-janelle-reversed,Melchior Sultana ft. Janelle,Reversed,2,,,low,no-match
melvin-spix-swallow-we-are-the-brave,Melvin Spix,Swallow [We Are The Brave],2,GXJPS2600005,https://www.beatport.com/track/swallow/22981170,high,beatport
michael-amani-eneli-join-the-club,Michael Amani & Eneli,Join The Club,2,ROROT2601002,https://www.beatport.com/track/join-the-club/29784929,high,beatport
michael-cassette-double-oath-anjunadeep,Michael Cassette,Double Oath (Anjunadeep),2,GBEWA2601255,https://www.beatport.com/track/double-oath/28352988,medium,beatport
michael-cassette-mountain-dew-anjunadeep,Michael Cassette,Mountain Dew (Anjunadeep),2,GBEWA2601251,https://www.beatport.com/track/mountain-dew/26912039,medium,beatport
michael-grey-the-weekend-fedde-le-grand-remix,Michael Grey,The Weekend (Fedde Le Grand Remix),2,NLML62000019,https://www.beatport.com/track/the-weekend/13824048,medium,beatport
mightyfools-lusso-vs-sebastian-ingrosso-alesso-ryan-tedder-footrocker-vs-calling-hardwell-umf-2025-mashup,Mightyfools & LUSSO vs. Sebastian Ingrosso & Alesso & Ryan Tedder,Footrocker vs. Calling (Hardwell UMF 2025 Mashup),2,NLS241203478,https://www.beatport.com/track/footrocker/4437156,medium,beatport
mike-efex-pres-sun-theory-dream-of-lights,Mike EFEX pres. Sun Theory,Dream Of Lights,2,NLD682304014,https://www.beatport.com/track/lights/18429535,medium,beatport
mike-williams-oaks-i-ll-do-it,Mike Williams & Oaks,I'll Do It,2,,,low,no-match
mike-williams-three-drives-anticalm-greece-2000,Mike Williams & Three Drives & ANTICALM,Greece 2000,2,NLF712600033,https://www.beatport.com/track/greece-2000/23011269,high,beatport
milleniumkid-jbs-vielleicht-vielleicht-w-w-remix,Milleniumkid & JBS,Vielleicht Vielleicht (W&W Remix),2,DEA622301734,,medium,musicbrainz
miss-monique-henri-bergmann-mario-eighta-17,Miss Monique & Henri Bergmann & Mario Eighta,17,2,,,low,no-match
miss-monique-volkoder-girls-on-the-floor,Miss Monique & Volkoder,Girls On The Floor,2,,,low,no-match
missy-elliott-ft-ciara-fatman-scoop-lose-control-acappella,Missy Elliott ft. Ciara & Fatman Scoop,Lose Control (Acappella),2,USEE10414022,https://www.beatport.com/track/lose-control-feat-ciara-and-fat-man-scoop/24355454,medium,beatport
mk-dom-dolla-dimension-vs-oliver-heldens-becky-hill-matrix-futurebound-vs-the-qemists-spor-rhyme-dust-vs-gecko-overdrive-vs-stompbox-oliver-heldens-mashup,MK & Dom Dolla & Dimension vs. Oliver Heldens & Becky Hill & Matrix & Futurebound vs. The Qemists & Spor,Rhyme Dust vs. Gecko (Overdrive) vs. Stompbox (Oliver Heldens Mashup),2,CYA111400125,https://www.beatport.com/track/gecko-overdrive/5604710,medium,beatport
mk-ft-carla-munroe-17-bleu-clair-remix,MK ft. Carla Munroe,17 (Bleu Clair Remix),2,GBARL1701493,https://www.beatport.com/track/17/9661552,medium,beatport
morten-x-david-guetta-locked-in-future-rave,MORTEN x David Guetta,Locked In [Future Rave],2,,,low,no-match
mph-ft-ae-us-flex-it,MPH ft. Æ (US),Flex It,2,GXFCP2600046,https://www.beatport.com/track/flex-it/24001508,high,beatport
mr-sam-lyteo-blr-remix,Mr Sam,Lyteo (BLR Remix),2,NLE712600641,https://www.beatport.com/track/lyteo/29885771,medium,beatport
mumbai-science-iris,Mumbai Science,Iris,2,DEDH72300078,https://www.beatport.com/track/iris/17840810,medium,beatport
mxv-extra-special-slave-to-desire-colorize,MXV & Extra Special,Slave To Desire (Colorize),2,CA5KR2649907,https://www.beatport.com/track/slave-to-desire/28814389,medium,beatport
mxv-wilde-liberty-houstrike,MXV & Wilde,Liberty (Houstrike),2,UKACT2644127,https://www.beatport.com/track/liberty/28506275,medium,beatport
mylo-drop-the-pressure-james-hype-edit,Mylo,Drop The Pressure (James Hype Edit),2,GBHFF0300011,https://www.beatport.com/track/drop-the-pressure/26765515,medium,beatport
n-o-y-drop-the-needle-on-my-soul-extended-mix,N.O.Y,Drop The Needle On My Soul (Extended Mix),2,GBKQU2601012,https://www.beatport.com/track/drop-the-needle-on-my-soul/23284531,high,beatport
nate-irvin-landen-gill-move-to-the-beat,Nate Irvin & Landen Gill,Move To The Beat,2,,,low,no-match
needs-no-sleep-mason-flint-eddy-supersonic-extended,"Needs No Sleep, Mason Flint, EDDY",Supersonic (Extended),2,,,low,no-match
negativ-sprite,Negativ,Sprite,2,,,low,no-match
nic-fanciulli-set-me-free-feat-robert-courtois-extended-mix,Nic Fanciulli,Set Me Free (feat. Robert Courtois) (Extended Mix),2,GBCPZ2423703,https://www.beatport.com/track/set-me-free-feat-robert-courtois/19398004,medium,beatport
nicky-elisabeth-distant-global-underground,Nicky Elisabeth,Distant (Global Underground),2,GBHFW2600053,https://www.beatport.com/track/distant/29285484,medium,beatport
nicky-romero-chase-the-sun,Nicky Romero,Chase The Sun,2,,,low,no-match
nicky-romero-deniz-koyu-vs-avicii-sandro-cavazza-destiny-vs-without-you-nicky-romero-mashup,Nicky Romero & Deniz Koyu vs. Avicii & Sandro Cavazza,Destiny vs. Without You (Nicky Romero Mashup),2,,,low,no-match
nicky-romero-nervo-like-home-acappella,Nicky Romero & NERVO,Like Home (Acappella),2,NLUW21500312,https://www.beatport.com/track/like-home/7434912,high,beatport
nicky-romero-sick-individuals-who-we-are,Nicky Romero & SICK INDIVIDUALS,Who We Are,2,,,low,no-match
nicky-romero-sick-individuals-vs-alesso-tove-lo-hold-on-vs-heroes-we-could-be-sunjay-tyo-edit,Nicky Romero & SICK INDIVIDUALS vs. Alesso & Tove Lo,Hold On vs. Heroes (We Could Be) (SunJay & Tyo Edit),2,,,low,no-match
nicky-romero-smack-vs-eric-prydz-tom-cane-generate-vs-funky-bitz-nicky-romero-mashup,Nicky Romero & SMACK vs. Eric Prydz & Tom Cane,Generate vs. Funky Bitz (Nicky Romero Mashup),2,NLUW22602985,https://www.beatport.com/track/funky-bitz/23903165,medium,beatport
nicky-romero-third-party-vs-david-guetta-benny-benassi-vs-makj-m35-vs-meduza-goodboys-vs-faithless-vs-fisher-for-the-people-vs-satisfaction-vs-go-vs-piece-of-your-heart-vs-insomnia-vs-you-little-beauty-nicky-romero-mashup,Nicky Romero & Third ≡ Party vs. David Guetta & Benny Benassi vs. MAKJ & M35 vs. MEDUZA & GOODBOYS vs. Faithless vs. FISHER,For The People vs. Satisfaction vs. GO vs. Piece Of Your Heart vs. Insomnia vs. You Little Beauty (Nicky Romero Mashup),2,,,low,no-match
nicky-romero-vicetone-ft-when-we-are-wild-let-me-feel-acappella,Nicky Romero & Vicetone ft. When We Are Wild,Let Me Feel (Acappella),2,NLUW21400165,,low,musicbrainz
nicole-moudaber-bitter-sweet-promo,Nicole Moudaber,Bitter Sweet - Promo,2,,,low,no-match
nitrous-oxide-farius-eterna-enhanced-progressive,Nitrous Oxide & Farius,Eterna (Enhanced Progressive),2,CA5KR2648212,https://www.beatport.com/track/eterna/28546803,medium,beatport
nitrous-oxide-simon-gregory-pres-digital-drift-flat-out-enhanced-progressive,Nitrous Oxide & Simon Gregory pres. Digital Drift,Flat Out (Enhanced Progressive),2,,,low,no-match
nitti-white-claws,NITTI,White Claws,2,,,low,no-match
no-thanks-legacy-click-click,No Thanks & Legacy,Click Click,2,NL8RL2443248,https://www.beatport.com/track/click-click/19523341,high,beatport
noir-haze-around-seth-hills-victor-garde-remix,Noir & Haze,Around (Seth Hills & Victor Garde Remix),2,GBTEZ1100394,https://www.beatport.com/track/around/3233510,medium,beatport
nordfold-collide-anjunadeep,Nordfold,Collide (Anjunadeep),2,GBEWA2602801,https://www.beatport.com/track/collide/29388135,medium,beatport
notion-put-g-s-on-it,NOTION,Put G's On It,2,,,low,no-match
notion-be-your-girl-dub-vip,NOTION,Be Your Girl Dub (VIP),2,,,low,no-match
notion-redlight-get-out-my-head,NOTION & Redlight,GET OUT MY HEAD,2,GBUM72600514,https://www.beatport.com/track/get-out-my-head/24146297,high,beatport
notion-ft-charlotte-plank-temporary-friends,NOTION ft. Charlotte Plank,Temporary Friends,2,USZXT2454417,https://www.beatport.com/track/temporary-friends/19110110,high,beatport
notion-ft-slewwy-fitness-first,NOTION ft. Slewwy,FITNESS FIRST,2,GBUM72506399,https://www.beatport.com/track/fitness-first/23915118,high,beatport
nox-vahn-marsh-nemora-anjunadeep,Nox Vahn & Marsh,Nemora [Anjunadeep],2,GBEWA2506821,https://www.beatport.com/track/nemora/22997664,high,beatport
obskur-bayside-james-hype-remix,Obskür,Bayside (James Hype Remix),2,QZFZ61971782,https://www.beatport.com/track/bayside/24369290,medium,beatport
octave-one-ft-ann-saunderson-black-water-full-strings-vocal-mix,Octave One ft. Ann Saunderson,Black Water (Full Strings Vocal Mix),2,QMLDL1400028,https://www.beatport.com/track/black-water-feat-ann-saunderson/7365700,medium,beatport
of-the-trees-tape-b-brackish-tape-b-ct5-flip,Of The Trees & Tape B,Brackish (Tape B CT5 Flip),2,QM24S2603019,https://www.beatport.com/track/brackish/29144834,medium,beatport
oliver-heldens-vs-florence-the-machine-aquarius-vs-you-ve-got-the-love-oliver-heldens-mashup,Oliver Heldens vs. Florence + The Machine,Aquarius vs. You've Got The Love (Oliver Heldens Mashup),2,NLV5Z1900157,https://www.beatport.com/track/aquarius/12831150,medium,beatport
oliver-heldens-vs-swedish-house-mafia-john-martin-let-you-go-vs-save-the-world-oliver-heldens-mashup,Oliver Heldens vs. Swedish House Mafia & John Martin,Let You Go vs. Save The World (Oliver Heldens Mashup),2,QM4TX2500565,https://www.beatport.com/track/let-you-go/20104773,medium,beatport
olivier-giacomotto-lui,Olivier Giacomotto,Lui,2,GBKQU1912769,https://www.beatport.com/track/lui/11619737,medium,beatport
omnia-i-see-light-etrnty,Omnia,I See Light (ETRNTY),2,QZTBB2674479,https://www.beatport.com/track/i-see-light/28409500,medium,beatport
one-world-radio-tomorrowland-everyday,One World Radio,Tomorrowland Everyday,2,,,low,no-match
ophanim-sapphire-colorize,Ophanim,Sapphire (Colorize),2,CA5KR2651168,https://www.beatport.com/track/sapphire/28882227,medium,beatport
oppidan-darwin,Oppidan,DARWIN,2,USA2P2546892,https://www.beatport.com/track/darwin/21686434,high,beatport
outkast-ms-jackson-n2n-avilo-edit,OutKast,Ms. Jackson (N2N & Avilo Edit),2,USLF20100040,https://www.beatport.com/track/ms-jackson/14434455,medium,beatport
paraframe-rose-extended-mix,PARAFRAME,Rose (Extended Mix),2,QM6P42599591,https://www.beatport.com/track/rose/20534990,medium,beatport
paul-oakenfold-ferry-corsten-metaverse-perfecto,Paul Oakenfold & Ferry Corsten,Metaverse [Perfecto],2,NLF712604440,https://www.beatport.com/track/metaverse/29734906,high,beatport
paul-thomas-jumbo-jamie-stevens-remix-uv,Paul Thomas,Jumbo [Jamie Stevens Remix] (UV),2,US83Z2616632,https://www.beatport.com/track/jumbo/26974568,medium,beatport
pharoahe-monch-simon-says-bassjackers-bootleg,Pharoahe Monch,Simon Says (Bassjackers Bootleg),2,KRC711800044,https://www.beatport.com/track/simon-says/22847296,medium,beatport
phony-mcs-raw,Phony Mcs,Raw,2,,,low,no-match
pitbull-ft-trina-young-bo-go-girl-bleu-clair-edit-2,Pitbull ft. Trina & Young Bo$$,Go Girl (Bleu Clair Edit),2,USTV10700874,https://www.beatport.com/track/go-girl/24342250,medium,beatport
plan-b-the-recluse-nero-remix-2,Plan B,The Recluse (Nero Remix),2,GBFFS1000083,https://www.beatport.com/track/the-recluse/1902199,high,beatport
plastik-funk-toxic-joy-close-my-eyes-extended-mix,"Plastik Funk, Toxic Joy",Close My Eyes (Extended Mix),2,GX6J52600020,https://www.beatport.com/track/close-my-eyes/28720375,high,beatport
pls-ty-linney-just-one-touch,PLS&TY & Linney,Just One Touch,2,NL8RL2443409,https://www.beatport.com/track/just-one-touch/19524618,high,beatport
prana-flow-panz-paul-brenning-foam-and-stone-original-mix,"Prana Flow, panz., Paul Brenning",Foam and Stone (Original Mix),2,GBLV62505594,https://www.beatport.com/track/foam-and-stone/22314728,high,beatport
proff-izumo-sunrise-club-mix-anjunachill,PROFF,Izumo Sunrise [Club Mix] (Anjunachill),2,GBEWA2503209,https://www.beatport.com/track/izumo-sunrise/22684661,medium,beatport
prospa-id-momma-used-to-dance-like-that,Prospa,ID (Momma Used To Dance Like That),2,,,low,no-match
prospa-don-t-stop-twin-diplomacy-remix,Prospa,Don't Stop (Twin Diplomacy Remix),2,QM6MZ2576606,https://www.beatport.com/track/don-t-stop/20311844,medium,beatport
pryda-loveland-2022-id-02-working-title,Pryda,Loveland 2022 ID 02 (Working Title),2,,,low,no-match
r3hab-vion-konger-skytech-ultimate,R3HAB & Vion Konger & Skytech,Ultimate,2,,,low,no-match
radio-slave-ft-nez-wait-a-minute-dixon-extension,Radio Slave ft. NEZ,Wait A Minute (Dixon Extension),2,GBLTF2200093,https://www.beatport.com/track/wait-a-minute/16797983,medium,beatport
reflex-blue-got-d-funk,Reflex Blue,Got D’ Funk,2,,,low,no-match
richard-vission-static-revenger-ft-luciana-i-like-that-acappella,Richard Vission & Static Revenger ft. Luciana,I Like That (Acappella),2,GBRUR0900013,https://www.beatport.com/track/i-like-that/3792218,medium,beatport
rihanna-where-have-you-been-john-summit-wooli-edit,Rihanna,Where Have You Been (John Summit & Wooli Edit),2,USUM71203459,https://www.beatport.com/track/where-have-you-been/26334204,medium,beatport
rihanna-disturbia-brandon-bootleg,Rihanna,Disturbia (BRANDON Bootleg),2,USUM70822039,https://www.beatport.com/track/disturbia/21417170,medium,beatport
rihanna-ft-david-guetta-right-now-acappella,Rihanna ft. David Guetta,Right Now (Acappella),2,USUM71214746,https://www.beatport.com/track/right-now/21370102,medium,beatport
robbie-mendez-2aces-vs-avicii-aloe-blacc-flashback-vs-wake-me-up-hardwell-mashup,Robbie Mendez & 2ACES vs. Avicii & Aloe Blacc,Flashback vs. Wake Me Up (Hardwell Mashup),2,NL8RL2530719,https://www.beatport.com/track/flashback/26658190,medium,beatport
roger-sanchez-another-chance-dubvision-remix,Roger Sanchez,Another Chance (DubVision Remix),2,AUXN22027504,https://www.beatport.com/track/another-chance/13096459,medium,beatport
roger-sanchez-oliver-heldens-toto-vs-the-neighbourhood-another-chance-vs-sweater-weather-oliver-heldens-mashup,Roger Sanchez & Oliver Heldens & Toto vs. The Neighbourhood,Another Chance vs. Sweater Weather (Oliver Heldens Mashup),2,GBCPZ0100301,https://www.beatport.com/track/another-chance/15618222,medium,beatport
ronski-speed-nuru-mpya-anjunabeats-push-the-button,Ronski Speed,Nuru Mpya (Anjunabeats) [PUSH THE BUTTON],2,GBEWA2603042,https://www.beatport.com/track/nuru-mpya/29550237,medium,beatport
rooster-peralta-move-your-body-eric-entrena-toro-remix,Rooster & Peralta,Move Your Body (Eric Entrena Toro Remix),2,,https://www.beatport.com/track/move-your-body/78146,medium,beatport
roxe-smack-https-lnk-to-rx-smack-2,Roxe,Smack https://lnk.to/rx-smack,2,US39N2301399,https://www.beatport.com/track/smack/17476965,medium,beatport
roya-rhythm,rOya,Rhythm,2,,,low,no-match
rufus-du-sol-pressure-kyle-watson-rechunk,RÜFÜS DU SOL,Pressure (Kyle Watson Rechunk),2,USRE12400467,https://www.beatport.com/track/pressure/19555290,medium,beatport
rui-da-silva-ft-cassandra-fox-touch-me-acappella,Rui Da Silva ft. Cassandra Fox,Touch Me (Acappella),2,DGA062544163,https://www.beatport.com/track/touch-me/22226657,medium,beatport
run-with-me-extended-made-by-pete,Run With Me (Extended),Made By Pete,2,,,low,no-match
ryan-blair-led-vario,Ryan Blair,LED Vario,2,GBJCS0700666,https://www.beatport.com/track/led-vario/274239,high,beatport
sade-never-thought-i-d-see-the-day-kotier-remix,Sade,Never Thought I'd See The Day (Kotiēr Remix),2,,,low,no-match
saffron-stone-feel-the-bass-extended-mix,Saffron Stone,Feel The Bass (Extended Mix),2,GBKQU2635658,https://www.beatport.com/track/feel-the-bass/28349677,high,beatport
said-the-sky-william-black-ft-saywecanfly-on-my-own-acapella,Said the Sky & William Black ft. SayWeCanFly,On My Own (Acapella),2,CA5KR2284877,https://www.beatport.com/track/on-my-own/16888648,medium,beatport
sambo-how-do-you-feel-original-mix,Sambo,How Do You Feel (Original Mix),2,GBKQU2632578,https://www.beatport.com/track/how-do-you-feel/27976525,high,beatport
sammy-virji-power,Sammy Virji,Power,2,,,low,no-match
sammy-virji-interplanetary-criminal-damager,Sammy Virji & Interplanetary Criminal,Damager,2,GBUM72406618,https://www.beatport.com/track/damager/19771634,high,beatport
san-pacho-noah-scannell-stereo-love,San Pacho & Noah Scannell,Stereo Love,2,,,low,no-match
san-pacho-x-tobehonest-dr-beat,San Pacho x TOBEHONEST,Dr Beat,2,,,low,no-match
sander-van-doorn-martin-garrix-dvbbs-ft-aleesia-gold-skies-acappella,Sander van Doorn & Martin Garrix & DVBBS ft. Aleesia,Gold Skies (Acappella),2,NLZ541400459,,medium,musicbrainz
santigold-disparate-youth-tape-b-flip,Santigold,Disparate Youth (Tape B Flip),2,GBAHS1100389,https://www.beatport.com/track/disparate-youth/3263665,medium,beatport
sara-landry-alt8-hands-up-original-mix,"Sara Landry, Alt8",Hands Up (Original Mix),2,GXFCP2600168,https://www.beatport.com/track/hands-up/28949426,high,beatport
saul-murphy-sweet-dreams-borderline,Saul Murphy,Sweet Dreams [Borderline],2,GB9AG2500075,https://www.beatport.com/track/sweet-dreams/23612647,high,beatport
schoolboy-q-yay-yay-know-good-tape-b-flip,Schoolboy Q,Yay Yay (Know Good & Tape B Flip),2,USUM71303992,https://www.beatport.com/track/yay-yay/21781374,medium,beatport
sebastian-ingrosso-alesso-ft-ryan-tedder-calling-lose-my-mind-acappella,Sebastian Ingrosso & Alesso ft. Ryan Tedder,Calling (Lose My Mind) (Acappella),2,GBJ4B1200056,https://www.beatport.com/track/calling-lose-my-mind/15754868,medium,beatport
sebastian-ingrosso-celine-dion-vs-coldplay-a-new-day-vs-a-sky-full-of-stars-alesso-mashup,Sebastian Ingrosso & Céline Dion vs. Coldplay,A New Day vs. A Sky Full Of Stars (Alesso Mashup),2,GBAYE1401438,https://www.beatport.com/track/a-sky-full-of-stars/22125479,medium,beatport
sebastian-ingrosso-tommy-trash-john-martin-vs-swedish-house-mafia-vs-justin-bieber-nicki-minaj-vs-green-velvet-nicky-romero-reload-vs-save-the-world-vs-beauty-and-a-beat-vs-flash-sunjay-fuerte-tomorrowland-mashup,Sebastian Ingrosso & Tommy Trash & John Martin vs. Swedish House Mafia vs. Justin Bieber & Nicki Minaj vs. Green Velvet & Nicky Romero,Reload vs. Save The World vs. Beauty And A Beat vs. Flash (SunJay & Fuerte Tomorrowland Mashup),2,,,low,no-match
sebastian-ingrosso-tommy-trash-ft-john-martin-reload-vocal-mix,Sebastian Ingrosso & Tommy Trash ft. John Martin,Reload (Vocal Mix),2,GBJ4B1200097,https://www.beatport.com/track/reload/3792349,medium,beatport
sebastian-ingrosso-tommy-trash-ft-john-martin-reload-lucas-steve-remix,Sebastian Ingrosso & Tommy Trash ft. John Martin,Reload (Lucas & Steve Remix),2,GBJ4B1200097,https://www.beatport.com/track/reload/3792349,medium,beatport
sentinel-alesso-vs-katy-perry-freedom-vs-when-i-m-gone-alesso-mashup,Sentinel & Alesso vs. Katy Perry,Freedom vs. When I'm Gone (Alesso Mashup),2,USA2P2531748,https://www.beatport.com/track/freedom/26657616,medium,beatport
shawty-lo-they-know-dey-know-artifuckt-remix,Shawty Lo,They Know (Dey Know) (Artifuckt Remix),2,USEA20700825,https://www.beatport.com/track/they-know-dey-know/23797062,medium,beatport
silva-bumpa-hypa-extended,Silva Bumpa,Hypa (Extended),2,GBARL2600528,https://www.beatport.com/track/hypa/28354099,medium,beatport
silva-bumpa-ft-mc-dt-doin-it,Silva Bumpa ft. MC DT,Doin' It,2,QMDA62598395,https://www.beatport.com/track/doin-it-feat-mc-dt/20848856,medium,beatport
simes-funky-feeling,Simes,Funky Feeling,2,,,low,no-match
simon-gregory-sequential-anjunabeats,Simon Gregory,Sequential (Anjunabeats),2,GBEWA2602883,https://www.beatport.com/track/sequential/29482099,medium,beatport
simon-kidzoo-it-s-just-fine-original-mix,Simon Kidzoo,It's Just Fine (Original Mix),2,GBKQU2555029,https://www.beatport.com/track/it-s-just-fine/20619967,high,beatport
sister-nancy-bam-bam-mandy-bootleg,Sister Nancy,Bam Bam (MANDY Bootleg),2,USQY51256670,https://www.beatport.com/track/bam-bam/3378210,medium,beatport
skylark-that-s-more-like-it,Skylark,That's More Like It,2,GBHAD0400001,https://www.beatport.com/track/that-s-more-like-it/6278399,medium,beatport
skytech-amrv-just-about-to-lose-horizon-state,Skytech & AMRV,Just About To Lose [Horizon State],2,NL2J92613274,https://www.beatport.com/track/just-about-to-lose/28437042,high,beatport
smack-no-brakes,SMACK,No Brakes,2,,,low,no-match
solardo-tribesman-remix,Solardo,Tribesman (Remix),2,GBK6Y2608502,https://www.beatport.com/track/tribesmen/29132137,low,beatport
solarstone-orkidea-slowmotion-vii-black-hole,Solarstone & Orkidea,Slowmotion VII (Black Hole),2,GBHCD1046002,https://www.beatport.com/track/slowmotion/1104921,medium,beatport
solee-our-lives,Solee,Our Lives,2,DEH742310168,https://www.beatport.com/track/our-lives/17653484,high,beatport
solee-tanz-der-planeten,Solee,Tanz Der Planeten,2,DEH742315009,https://www.beatport.com/track/tanz-der-planeten/17900704,high,beatport
something-good-yotto-good-time-clothes-off-armada,Something Good & YOTTO,Good Time (Clothes Off) (Armada),2,NLF712603557,https://www.beatport.com/track/good-time-clothes-off/29376318,medium,beatport
sonatine-fort-romeau-jackson-mico-milas-all-the-world-is-blue-anjunadeep,Sonatine & Fort Romeau & Jackson Mico Milas,All The World Is Blue (Anjunadeep),2,GBEWA2602322,https://www.beatport.com/track/all-the-world-is-blue/28936431,medium,beatport
sonny-fodera-jazzy-all-this-time-extended-mix,"Sonny Fodera, Jazzy",All This Time (Extended Mix),2,US38Y2554111,https://www.beatport.com/track/all-this-time/20684995,high,beatport
sonny-kane-never-leave-you,Sonny Kane,Never Leave You,2,CBEFB2604218,https://www.beatport.com/track/never-leave-u/29451984,medium,beatport
soul-playerz-no-beef-vocal-mix,Soul Playerz,No Beef (Vocal Mix),2,,,low,no-match
soulwax-e-talking-westend-edit,Soulwax,E Talking (Westend Edit),2,BEP010400146,https://www.beatport.com/track/e-talking/14513652,medium,beatport
speaker-knockerz-lonely-tape-b-cozy-kev-flip,Speaker Knockerz,Lonely (Tape B & Cozy Kev Flip),2,TCABS1337716,https://www.beatport.com/track/lonely/22967146,medium,beatport
spektre-skuz-toolroom,Spektre,Skuz - Toolroom,2,GBJAJ1302503,https://www.beatport.com/track/skuz/4821011,medium,beatport
spencer-brown-storm-chasing-global-underground,Spencer Brown,Storm Chasing (Global Underground),2,GBHFW2600079,https://www.beatport.com/track/storm-chasing/29898124,medium,beatport
steeper-zynox-vs-alesso-tove-lo-bassline-rumble-vs-heroes-we-could-be-hardwell-mashup,Steeper & ZYNØX vs. Alesso & Tove Lo,Bassline Rumble vs. Heroes (We Could Be) (Hardwell Mashup),2,USUM71411636,https://www.beatport.com/track/heroes-we-could-be/15737486,medium,beatport
stefy-de-cicco-frankyeffe-i-walk-above-the-sky-we-next,Stefy de Cicco & Frankyeffe,I Walk Above The Sky [We Next],2,,,low,no-match
stephani-b-scott-forshaw-boujee,Stephani B & Scott Forshaw,Boujee,2,UK4ZF2600372,https://www.beatport.com/track/boujee/29204040,high,beatport
steve-aoki-chris-lake-tujamo-vs-anyma-argy-son-of-son-boneless-vs-voices-in-my-head-steve-aoki-mashup,Steve Aoki & Chris Lake & TUJAMO vs. Anyma & Argy & Son Of Son,Boneless vs. Voices In My Head (Steve Aoki Mashup),2,,,low,no-match
storm-time-to-burn-dbf-remix,Storm,Time To Burn (DBF Remix),2,DEMW62200014,https://www.beatport.com/track/time-to-burn/16761211,medium,beatport
storm-queen-look-right-through-franky-rizardo-remix,Storm Queen,Look Right Through (Franky Rizardo Remix),2,GBCPZ1205736,https://www.beatport.com/track/look-right-through/18912046,medium,beatport
sultan-shepard-pikachew-this-never-happened,Sultan + Shepard,Pikachew (This Never Happened),2,GBEWA2601028,https://www.beatport.com/track/pikachew/24513660,medium,beatport
super8-tab-feat-hero-baldwin-burn-matt-fax-remix-armada,Super8 & Tab feat. Hero Baldwin,Burn [Matt Fax Remix] (Armada),2,,,low,no-match
swedish-house-mafia-one-last-tour-a-live-soundtrack-pt-2-continuous-mix-live-from-state-historic-park-los-angeles-2013-medley,Swedish House Mafia,"One Last Tour: A Live Soundtrack, Pt. 2 (Continuous Mix/Live from State Historic Park, Los Angeles/2013/Medley)",2,GBAAA1000093,https://www.beatport.com/track/one/27201666,medium,beatport
swedish-house-mafia-connie-constance-heaven-takes-you-home-swedish-house-mafia-remake,Swedish House Mafia & Connie Constance,Heaven Takes You Home (Swedish House Mafia Remake),2,USUG12508976,https://www.beatport.com/track/heaven-takes-you-home/21973229,medium,beatport
swedish-house-mafia-knife-party-adl-vs-matt-dybal-alan-krevo-antidote-vs-move-to-the-rhythm-hardwell-umf-europe-2025-mashup,Swedish House Mafia & Knife Party & ADL vs. Matt Dybal & Alan Krevo,Antidote vs. Move To The Rhythm (Hardwell UMF Europe 2025 Mashup),2,USUG12306494,https://www.beatport.com/track/antidote/17985131,medium,beatport
swedish-house-mafia-knife-party-ft-adl-antidote-mph-remix,Swedish House Mafia & Knife Party ft. ADL,Antidote (MPH Remix),2,USUG12306494,https://www.beatport.com/track/antidote/17985131,medium,beatport
swedish-house-mafia-knife-party-ft-adl-antidote-duer-remix,Swedish House Mafia & Knife Party ft. ADL,Antidote (Duer Remix),2,USUG12306494,https://www.beatport.com/track/antidote/17985131,medium,beatport
swedish-house-mafia-ft-john-martin-save-the-world-nc-edit,Swedish House Mafia ft. John Martin,Save The World (NC Edit),2,GBAAA1100048,https://www.beatport.com/track/save-the-world/15720436,medium,beatport
swedish-house-mafia-ft-john-martin-save-the-world,Swedish House Mafia ft. John Martin,Save The World,2,GBAAA1100048,https://www.beatport.com/track/save-the-world/15720436,medium,beatport
swedish-house-mafia-ft-tinie-tempah-miami-2-ibiza-mandy-edit,Swedish House Mafia ft. Tinie Tempah,Miami 2 Ibiza (MANDY Edit),2,GBAAA1000281,https://www.beatport.com/track/miami-2-ibiza/1836979,medium,beatport
swedish-house-mafia-vs-benny-benassi-gary-go-ray-of-solar-vs-cinema-oliver-heldens-mashup,Swedish House Mafia vs. Benny Benassi & Gary Go,Ray Of Solar vs. Cinema (Oliver Heldens Mashup),2,USUG12308038,https://www.beatport.com/track/ray-of-solar/18212820,medium,beatport
tame-impala-let-it-happen-omnom-remix,Tame Impala,Let It Happen (OMNOM Remix),2,AUUM71501365,https://www.beatport.com/track/let-it-happen/23211589,medium,beatport
tape-b-casey-club-vicious,Tape B & Casey Club,Vicious,2,,,low,no-match
tape-b-zaytoven-signature-sound,Tape B & Zaytoven,Signature Sound,2,QZTGW2604793,https://www.beatport.com/track/signature-sound/29786649,high,beatport
tape-b-ft-dani-king-underneath-your-skin,Tape B ft. Dani King,Underneath Your Skin,2,CA6D22600134,https://www.beatport.com/track/underneath-your-skin/29634583,high,beatport
tchami-adieu-westend-edit,Tchami,Adieu (Westend Edit),2,USLD91701009,https://www.beatport.com/track/adieu/9066665,medium,beatport
technotronic-pump-up-the-jam-acappella,Technotronic,Pump Up The Jam (Acappella),2,DEN060500057,https://www.beatport.com/track/pump-up-the-jam/9117035,medium,beatport
teho-almost-this-never-happened,Teho,Almost (This Never Happened),2,GBEWA2601651,https://www.beatport.com/track/almost/28351854,medium,beatport
tensnake-coma-cat-james-hype-edit,Tensnake,Coma Cat (James Hype Edit),2,GBCPZ1004351,https://www.beatport.com/track/coma-cat/1393431,medium,beatport
tham-2000-cigarettes,Tham,2000 Cigarettes,2,DEH742603591,https://www.beatport.com/track/2000-cigarettes/24196346,high,beatport
the-chemical-brothers-galvanize-chris-lake-extended-mix,The Chemical Brothers,Galvanize (Chris Lake Extended Mix),2,GBUM72505163,https://www.beatport.com/track/galvanize/21200241,high,beatport
the-chemical-brothers-do-it-again-massano-extended-remix,The Chemical Brothers,Do It Again (Massano Extended Remix),2,GBUM72503674,https://www.beatport.com/track/do-it-again/20791129,high,beatport
the-chemical-brothers-hey-boy-hey-girl-acappella,The Chemical Brothers,"Hey Boy, Hey Girl (Acappella)",2,GBUM71902348,https://www.beatport.com/track/hey-boy-hey-girl/12568041,medium,beatport
the-chemical-brothers-galvanize-acappella,The Chemical Brothers,Galvanize (Acappella),2,GBAAA0400719,https://www.beatport.com/track/galvanize/1719905,medium,beatport
the-dare-girls-acappella,The Dare,Girls (Acappella),2,USA2B2202911,https://www.beatport.com/track/girls/23314601,medium,beatport
the-real-unknown-heart-shaped-box,the real unknown,Heart Shaped Box,2,,,low,no-match
the-rocketman-veracocha-carte-blanche-armada,The Rocketman & Veracocha,Carte Blanche [Armada],2,NLF712507800,https://www.beatport.com/track/carte-blanche/22757595,high,beatport
the-temper-trap-sweet-disposition-axwell-dirty-south-remix,The Temper Trap,Sweet Disposition (Axwell & Dirty South Remix),2,GBZUZ0900026,https://www.beatport.com/track/sweet-disposition/10281449,high,beatport
the-workout-mix-london-2012-levels-avicii,The Workout Mix - London 2012,Levels / Avicii,2,,,low,no-match
third-culture-usa-hiroko-yamamura-she-s-evil-original-mix,"Third Culture (USA), Hiroko Yamamura",She's Evil (Original Mix),2,GBKQU2492734,https://www.beatport.com/track/she-s-evil/19551723,high,beatport
this-house-music-has-such-an-enveloping-crystal-clear-and-beautifully-transparent-sound-it-s-absolutely-irresistible,"This house music has such an enveloping, crystal-clear, and beautifully transparent sound",it’s absolutely irresistible!,2,,,low,no-match
tiga-mind-dimension-kamino-edit,Tiga,Mind Dimension (Kamino Edit),2,GBENL2203418,https://www.beatport.com/track/mind-dimension/16947792,medium,beatport
tim-berg-ft-amanda-wilson-seek-bromance-acappella,Tim Berg ft. Amanda Wilson,Seek Bromance (Acappella),2,CH3131000194,https://www.beatport.com/track/seek-bromance/3533019,medium,beatport
tim-green-proff-sopia-anjunadeep,Tim Green & PROFF,Sopia (Anjunadeep),2,GBEWA2602051,https://www.beatport.com/track/sopia/28658293,medium,beatport
timbaland-ft-onerepublic-apologize-acappella,Timbaland ft. OneRepublic,Apologize (Acappella),2,USUM70809583,https://www.beatport.com/track/apologize/21159461,medium,beatport
tinlicker-helsloot-edge-of-forever-pias,Tinlicker & Helsloot,Edge Of Forever (PIAS),2,GBENL2604893,https://www.beatport.com/track/edge-of-forever/29737509,medium,beatport
tobiahs-lifetime-oliver-heldens-edit,Tobiahs,Lifetime (Oliver Heldens Edit),2,AULI02456680,https://www.beatport.com/track/lifetime/18712642,medium,beatport
tom-daynes-breathe-woody-van-eyden-dub,Tom Daynes,Breathe (Woody van Eyden Dub),2,,,low,no-match
tom-tom-club-wordy-rappinghood-addal-remix,Tom Tom Club,Wordy Rappinghood (Addal Remix),2,USWB10106542,https://www.beatport.com/track/wordy-rappinghood/20842520,high,beatport
toto-chiavetta-trenton-my-eyes-are-failing,Toto Chiavetta & Trenton,My Eyes Are Failing,2,QM6MZ2499312,https://www.beatport.com/track/my-eyes-are-failing/19050828,high,beatport
travis-scott-ft-kendrick-lamar-goosebumps-acappella,Travis Scott ft. Kendrick Lamar,Goosebumps (Acappella),2,USSM11607555,https://www.beatport.com/track/goosebumps/30163186,medium,beatport
trenom-bounce-like,Trenom,Bounce Like,2,DKO7I2601002,https://www.beatport.com/track/bounce-like/26892119,high,beatport
trilucid-too-good-anjunadeep-explorations,Trilucid,Too Good (Anjunadeep Explorations),2,GBEWA2602491,https://www.beatport.com/track/too-good/29034137,medium,beatport
ty-dolla-ign-ft-shoreline-mafia-quavo-juicy-j-don-t-kill-the-party-artifakts-remix,Ty Dolla $ign ft. Shoreline Mafia & Quavo & Juicy J,Don't Kill The Party (Artifakts Remix),2,USAT22509573,https://www.beatport.com/track/don-t-kill-the-party-feat-tyga-shoreline-mafia-and-quavo/23038290,medium,beatport
tyler-michaud-tribal-steam,Tyler Michaud,Tribal Steam,2,,https://www.beatport.com/track/tribal-steam/317738,high,beatport
ultimo-maximum-force,Ultimo,Maximum Force,2,NLCK42604513,https://www.beatport.com/track/maximum-force/27908592,high,beatport
umaedo-sebastian-rivero-save-u-original-mix,"Umaedo, Sebastian Rivero",Save U (Original Mix),2,GBLV62528979,https://www.beatport.com/track/save-u/23099412,high,beatport
vertigini-cherish-the-day-vertigini-4am-edit,Vertigini,Cherish The Day (Vertigini 4AM Edit),2,,,low,no-match
victor-lou-visage-music-pleya,Victor Lou & Visage Music,Pleya,2,BCPU02200040,https://www.beatport.com/track/pleya/18670834,high,beatport
vintage-culture-braev-time,Vintage Culture & braev,Time,2,USZXT2353151,,medium,musicbrainz
vintage-culture-volkoder-best-move,Vintage Culture & Volkoder,Best Move,2,,,low,no-match
vintage-culture-ft-noah-kulaga-upon-your-skin,Vintage Culture ft. Noah Kulaga,Upon Your Skin,2,BXLKS2400023,https://www.beatport.com/track/upon-your-skin/21272998,high,beatport
vintage-culture-nombe-joris-voorn-pleasure-chasers-joris-voorn-remix-extended,"Vintage Culture, NoMBe, Joris Voorn",Pleasure Chasers (Joris Voorn Remix / Extended),2,USZXT2455324,https://www.beatport.com/track/pleasure-chasers/19492027,high,beatport
vintage-culture-solomun-strange-feelings-solomun-remix-extended,"Vintage Culture, Solomun",Strange Feelings (Solomun Remix / Extended),2,USZXT2455567,https://www.beatport.com/track/strange-feelings/19492024,high,beatport
vion-konger-funky-shit,Vion Konger,Funky Shit,2,,,low,no-match
vivace-gusta-k-one-holding-you-back,Vivace & Gusta & K.One,Holding You Back,2,CBEFB2604772,https://www.beatport.com/track/holding-you-back/29732839,high,beatport
vivid-the-after-party,VIVID,The After Party,2,DEN062600579,https://www.beatport.com/track/the-after-party/29481679,high,beatport
voost-deep-inside-extended-mix,Voost,Deep Inside (Extended Mix),2,UKRPL1900338,https://www.beatport.com/track/deep-inside/16530232,high,beatport
wailey-to-the-underground,Wailey,To The Underground,2,GXBNP2624572,https://www.beatport.com/track/to-the-underground/30032889,high,beatport
waka-flocka-flame-ft-diddy-rick-ross-gucci-mane-o-let-s-do-it-remix-know-good-tape-b-flip,Waka Flocka Flame ft. Diddy & Rick Ross & Gucci Mane,O Let's Do It (Remix) (Know Good & Tape B Flip),2,,,low,no-match
wax-motif-something-more,Wax Motif,Something More,2,CA5KR2649276,https://www.beatport.com/track/something-more/28664284,high,beatport
wax-motif-colorsick-losing-my-mind-feat-colorsick,"Wax Motif, Colorsick",Losing My Mind (feat. Colorsick),2,CA5KR2649277,https://www.beatport.com/track/losing-my-mind/28664287,medium,beatport
waze-odyssey-tommy-theo-always-extended,"Waze & Odyssey, Tommy Theo",Always (Extended),2,GBCEN1900104,https://www.beatport.com/track/always/12867526,medium,beatport
weiss-vs-james-hype-feel-my-needs,Weiss vs. James Hype,Feel My Needs,2,GBJAJ2400883,https://www.beatport.com/track/feel-my-needs/19212078,high,beatport
westend-twin-diplomacy-sensational,Westend & Twin Diplomacy,Sensational,2,CA5KR2667500,https://www.beatport.com/track/sensational/30120969,high,beatport
westend-ft-hosanna-drum-death-dennett-remix,Westend ft. Hosanna,Drum Death (DENNETT Remix),2,USA2P2506785,https://www.beatport.com/track/drum-death/20130688,medium,beatport
westend-john-summit-detonate-original-mix,"Westend, John Summit",Detonate (Original Mix),2,GBKQU1941023,https://www.beatport.com/track/detonate/12837968,high,beatport
who-da-funk-ft-jessica-eve-shiny-disco-balls-acappella,Who Da Funk ft. Jessica Eve,Shiny Disco Balls (Acappella),2,USSU90200302,https://www.beatport.com/track/shiny-disco-balls-feat-jessica-eve/15201012,medium,beatport
wolford-heifer-black-roses-2,Wolford Heifer,Black Roses 2,2,FR9W11807619,https://www.beatport.com/track/black-roses/10548867,medium,beatport
xira-feel-j-ribbon-remix-anjunabeats,XIRA,Feel [J Ribbon Remix] (Anjunabeats),2,GBEWA2602480,https://www.beatport.com/track/feel/29032337,medium,beatport
xzen-see-clearer,XZEN,See Clearer,2,CBEFB2605269,https://www.beatport.com/track/see-clearer/30055654,high,beatport
yeah-yeah-yeahs-heads-will-roll-a-trak-remix-annie-mac-2010-version,Yeah Yeah Yeahs,Heads Will Roll (A-Trak Remix / Annie Mac 2010 Version),2,USUM70906794,https://www.beatport.com/track/heads-will-roll/19164758,high,beatport
yeah-yeah-yeahs-heads-will-roll-massano-matt-guy-remix,Yeah Yeah Yeahs,Heads Will Roll (Massano & Matt Guy Remix),2,USUM70974308,https://www.beatport.com/track/heads-will-roll/23571571,medium,beatport
yehno-distant-anjunadeep-explorations,Yehno,Distant (Anjunadeep Explorations),2,GBEWA2602030,https://www.beatport.com/track/distant/28627729,medium,beatport
yellow-claw-pres-uro-tra-h-breaking-beattz-ft-almondmilkhunni-six-figures,Yellow Claw pres. €URO TRA$H & Breaking Beattz ft. Almondmilkhunni,Six Figures,2,USA2P2306802,https://www.beatport.com/track/six-figures-feat-almondmilkhunni/17369022,medium,beatport
yotto-feat-dakota-deep-dive-madminds,Yotto feat. DAKOTA,Deep Dive (MADMINDS),2,NLF712604554,https://www.beatport.com/track/deep-dive/29781638,medium,beatport
yousef-ft-afronaut-zu-learn-to-fly-private-version,Yousef ft. Afronaut Zu,Learn To Fly (Private Version),2,GBSCL2300009,https://www.beatport.com/track/learn-to-fly/17342808,high,beatport
yoze-like-that,YOZE,Like That,2,,,low,no-match
zapravka-acid,ZAPRAVKA,ACID,2,FRX872424022,https://www.beatport.com/track/acid/19527548,medium,beatport
zedd-foxes-vs-domeno-michael-sparks-clarity-vs-locked-loaded-hardwell-mashup,Zedd & Foxes vs. Domeno & Michael Sparks,Clarity vs. Locked & Loaded (Hardwell Mashup),2,NLS241501930,https://www.beatport.com/track/locked-and-loaded/6962067,medium,beatport
zeds-dead-subtronics-tape-b-word-scramble,Zeds Dead & Subtronics & Tape B,Word Scramble,2,USZXT2659119,https://www.beatport.com/track/word-scramble/27916361,high,beatport
zeds-dead-subtronics-tape-b-word-scramble-heyz-flip,Zeds Dead & Subtronics & Tape B,Word Scramble (HEYZ Flip),2,USZXT2659119,https://www.beatport.com/track/word-scramble/27916361,medium,beatport
zero-ft-klubbheads-big-mad-banger,Zero ft. Klubbheads,Big Mad Banger,2,QM4TX2672533,https://www.beatport.com/track/big-mad-banger/24292030,high,beatport
zeynar-lately-sped-up,Zeynar,Lately (sped up),2,,,low,no-match
zombie-nation-kernkraft-400-lunaticz-remix,Zombie Nation,Kernkraft 400 (Lunaticz Remix),2,DEZ200600038,https://www.beatport.com/track/kernkraft-400/1780894,medium,beatport
zuccasam-prophet,Zuccasam,Prophet,2,UK8QM1401145,https://www.beatport.com/track/prophet/29613269,high,beatport
zuccasam-far-cry,Zuccasam,Far Cry,2,UK8QM1401143,https://www.beatport.com/track/far-cry/29613267,high,beatport
dj-snake-propaganda-gammer-kayzo-remix-mariana-bo-jump-around-edit,#NAME?,"Propaganda (Gammer & Kayzo Remix, Mariana BO Jump Around Edit)",1,QMZSY1500004,https://www.beatport.com/track/propaganda/15743480,medium,beatport
excision-downlink-rock-you,#NAME?,Rock You,1,,,low,no-match
hans-zimmer-pirates-of-caribbean-hardstyle-edit-by-skybeatz-mariana-bo-violin-edit,#NAME?,"Pirates of caribbean - (Hardstyle Edit by Skybeatz, Mariana BO Violin Edit)",1,,,low,no-match
infected-mushroom-becoming-insane-extended-intro,#NAME?,Becoming Insane (Extended Intro),1,GBVVQ1029522,https://www.beatport.com/track/becoming-insane/1814153,medium,beatport
kshmr-mark-sixma-gladiator-remix,#NAME?,Gladiator (Remix),1,,,low,no-match
mariana-bo-intro-for-edc-vegas-2018,#NAME?,Intro for EDC Vegas 2018,1,,,low,no-match
mariana-bo-harley-bird-infinity-extended-mix,#NAME?,Infinity (Extended Mix),1,,,low,no-match
timmy-trumpet-miami-blue-buenas,#NAME?,Buenas,1,,,low,no-match
vini-vinci-astrix-adhana,#NAME?,Adhana,1,DKZVA1761574,https://www.beatport.com/track/adhana/10044638,high,beatport
apocalypse-dance,??,Apocalypse Dance,1,,,low,no-match
afernand-solander-no-se-duerme,· Afernand & Solander,No se Duerme,1,,,low,no-match
alex-atenciano-off-the-wall,· Alex Atenciano,Off The Wall,1,,,low,no-match
alex-o-clock-can-t-stop,· Alex O'Clock,Can't Stop,1,,,low,no-match
amedeo-picone-aboutme-sunny-grooves,· Amedeo Picone & ABOUTME,Sunny Grooves,1,QM4TX2602740,https://www.beatport.com/track/sunny-grooves/23929349,high,beatport
ammo-avenue-groove-company,· Ammo Avenue,Groove Company,1,QM4TW2672537,https://www.beatport.com/track/groove-company/23753452,high,beatport
angel-heredia-mendo-vibra,· Angel Heredia & Mendo,Vibra,1,DE1QW2630736,https://www.beatport.com/track/vibra/29192725,high,beatport
anotr-talks-to-you-yins-edit,· ANOTR,Talks To You (Yins Edit),1,GBKQU2622156,https://www.beatport.com/track/talk-to-you/24508685,medium,beatport
anto-zagu-first-heard,· ANTO ZAGU,First Heard,1,GBSCL2635070,https://www.beatport.com/track/first-heard/28856075,high,beatport
black-fader-peter-romero-wherever,· Black Fader & Peter Romero,Wherever,1,,,low,no-match
capron-nl-909-oh-oh,· Capron (NL),909 (Oh Oh),1,NLML62600005,https://www.beatport.com/track/909-oh-oh/23380758,high,beatport
castion-see-some-more,· Castion,See Some More,1,QM4TW2642283,https://www.beatport.com/track/see-some-more/23620798,high,beatport
castion-boys-go-loco,· Castion,Boys Go Loco,1,GBSCL2656020,https://www.beatport.com/track/boys-go-loco/26783961,high,beatport
castion-smash-it,· Castion,Smash It,1,DEH742601666,https://www.beatport.com/track/smash-it/23768302,high,beatport
castion-move-this,· Castion,Move This,1,DEH742601665,https://www.beatport.com/track/move-this/23768301,high,beatport
castion-what-s-mine-feat-liah-barrett,· Castion,What's Mine (feat. Liah Barrett),1,,,low,no-match
castion-alex-wellmann-little-pulsy-rushin-remix,· Castion & Alex Wellmann,Little Pulsy (Rushin' Remix),1,GBKQU2668093,https://www.beatport.com/track/little-pulsy/29439008,high,beatport
castion-alex-wellmann-little-pulsy,· Castion & Alex Wellmann,Little Pulsy,1,GBKQU2668093,https://www.beatport.com/track/little-pulsy/29439008,high,beatport
chapa-castelo-najles-tasty,"· Chapa & Castelo, Najles",Tasty,1,ITA061302988,https://www.beatport.com/track/tasty/24211725,high,beatport
chinonegro-pumpin,· Chinonegro,Pumpin,1,QM4TW2637044,https://www.beatport.com/track/pumpin/23577969,high,beatport
chinonegro-rob-the-bank-break-it-down,· Chinonegro & Rob The Bank,Break It Down,1,NLML62600086,https://www.beatport.com/track/break-it-down/28647658,high,beatport
crusy-hit-me-now,· Crusy,Hit Me Now,1,,,low,no-match
dabi-es-honey,· DaBi (ES),Honey,1,,,low,no-match
dabi-es-control,· DaBi (ES),Control,1,,,low,no-match
dabi-es-freak-it-down,· DaBi (ES),Freak It Down,1,,,low,no-match
diego-sosa-victor-de-giorgio-in-the-back,· Diego Sosa & Victor De Giorgio,In the Back,1,,,low,no-match
dlpin-paul-martin-es-nando-marttinez-woops,"· DLPIN, Paul Martin (ES) & Nando Marttinez",Woops,1,DEH742608905,https://www.beatport.com/track/woops/28336312,high,beatport
draxx-ita-acid-harry-tikiti,· Draxx (ITA) & Acid Harry,TIKITI,1,GBJAJ2600135,https://www.beatport.com/track/tikiti/23580053,high,beatport
francis-p-tension,· Francis P,Tension,1,GBWUL2604981,https://www.beatport.com/track/tension/28971366,high,beatport
fred-again-skepta-victory-lap-buogo-edit,· Fred Again & Skepta,Victory Lap (Buogo Edit),1,GBAHS2500558,https://www.beatport.com/track/victory-lap/24376735,medium,beatport
gee-beat-loco,· Gee Beat,Loco,1,GBLV62508092,https://www.beatport.com/track/loco/22273533,medium,beatport
george-privatti-la-comebolsas,· George Privatti,La Comebolsas,1,DEH742601645,https://www.beatport.com/track/la-comebolsas/23768363,high,beatport
hoff-ammu-no-words-tonight,· HOFF & AMMU,No Words Tonight,1,GBKQU2662111,https://www.beatport.com/track/no-words-tonight/29248045,high,beatport
j-ramirez-funkao,· J Ramirez,Funkao,1,,,low,no-match
jairo-delli-late,· Jairo Delli,Late,1,MXA3V2620592,https://www.beatport.com/track/late/29992256,medium,beatport
jairo-delli-ritmo,· Jairo Delli,Ritmo,1,,,low,no-match
jairo-delli-retro,· Jairo Delli,Retro,1,,,low,no-match
jairo-delli-callejero,· Jairo Delli,Callejero,1,,,low,no-match
jairo-delli-kevin-corral-lkt,· Jairo Delli & Kevin Corral,LKT,1,DEH742433865,https://www.beatport.com/track/lkt/19578016,medium,beatport
james-poole-jayc-kim-payton-story-of-my-life,"· James Poole, JAYC & Kim Payton",Story Of My Life,1,NLF712602518,https://www.beatport.com/track/story-of-my-life/28766528,high,beatport
james-wyler-ft-sirolf-nl-to-the-back,· James Wyler ft. Sirolf (NL),To The Back,1,QM4TW2642083,https://www.beatport.com/track/to-the-back-ft-sirolf-nl/23917619,medium,beatport
joe-dove-something-special,· Joe Dove,Something Special,1,GBKQU2632584,https://www.beatport.com/track/something-special/27977110,high,beatport
kalma-que-se-sepa,· KALMA,Que Se Sepa,1,,,low,no-match
kidoo-input-1-castion-radio-edit,· Kidoo,Input 1 (Castion Radio Edit),1,GBKQU2637580,https://www.beatport.com/track/input-1/28400668,medium,beatport
kily-ruiz-freak-boy,· Kily Ruiz,Freak Boy,1,,,low,no-match
la-madone-shut-up-lick-it,· La Madone,Shut Up & Lick It,1,GBKQU2615593,https://www.beatport.com/track/shut-up-and-lick-it/24134340,high,beatport
lumc-ve-que-rico,· LUMC (VE),Que Rico,1,QM6P42634680,https://www.beatport.com/track/que-rico/28592900,high,beatport
maiike-up-down,· MAIIKE,Up Down,1,GBKQU2634615,https://www.beatport.com/track/up-down/28319522,high,beatport
marta-van-dam-peggy-mf-gou-castion-remix,· Marta Van Dam,Peggy Mf Gou (Castion Remix),1,,,low,no-match
mendo-i-need-it,· Mendo,I Need It,1,ES94G1814002,https://www.beatport.com/track/i-need-it/11039104,high,beatport
michael-jackson-bad-bask-edit,· Michael Jackson,Bad (Bask Edit),1,,,low,no-match
milo-ch-crazy,· Milo (CH),Crazy,1,,,low,no-match
milo-ch-never-take-you-down,· Milo (CH),Never Take You Down,1,CBEFB2604825,https://www.beatport.com/track/never-take-you-down/29760080,high,beatport
mixmasters-mellizos-my-life-is-a-disco,· MIXMASTERS & Mellizos,My Life Is A Disco,1,NLML62600088,https://www.beatport.com/track/my-life-is-a-disco-in-the-mix/28763897,medium,beatport
nacho-scoppa-finger-on-the-trigger,· Nacho Scoppa,Finger On The Trigger,1,QM4TX2629724,https://www.beatport.com/track/finger-on-the-trigger/26891936,high,beatport
nausica-salvatore-papa-me-rebota,· Nausica & Salvatore Papa,Me Rebota,1,DEX042600003,https://www.beatport.com/track/me-rebota/23306375,high,beatport
nick-francis-draxx-ita-sensation,· Nick Francis & Draxx (ITA),Sensation,1,QM6MZ2657070,https://www.beatport.com/track/sensation/27446851,high,beatport
notwins-green-room,· Notwins,Green Room,1,,,low,no-match
pablo-juarez-bullet-time-shake-it-back,· Pablo Juarez & Bullet Time,Shake It Back,1,,,low,no-match
pako-ramirez-feel-like-this,· Pako Ramirez,Feel Like This,1,DEW872602155,https://www.beatport.com/track/feel-like-this/28097927,high,beatport
rafa-barrios-conga,· Rafa Barrios,Conga,1,GBKQU2612505,https://www.beatport.com/track/conga/24215536,high,beatport
rayconen-ft-micol-nice-slow,· Rayconen ft. MICØL,Nice & Slow,1,,,low,no-match
rendher-ft-leroy-barry-riffer-wiffer,· Rendher ft. Leroy Barry,Riffer Wiffer,1,ES94G2530201,https://www.beatport.com/track/riffer-wiffer-ft-leroy-barry/20624952,medium,beatport
rushin-talk-slick,· Rushin',Talk Slick,1,,,low,no-match
rushin-bring-it-back-unrlsd,· Rushin',Bring It Back (UNRLSD),1,,,low,no-match
ruslan-be-free,· Ruslan,Be Free,1,,,low,no-match
ruso-eyh-alphie-the-feeling-sebreg-remix,· Ruso Eyh & Alphie,The Feeling (Sebreg Remix),1,GBSCL2635012,https://www.beatport.com/track/the-feeling/22793110,medium,beatport
sante-sansone-kings-of-the-club,· Sante Sansone,Kings Of The Club,1,ES94G2627301,https://www.beatport.com/track/kings-of-the-club/24594445,high,beatport
sergio-mendes-magajenha-jairo-delli-edit,· Sergio Mendes,Magajenha (Jairo Delli Edit),1,,,low,no-match
simes-heat,· Simes,Heat,1,CA5KR2647411,https://www.beatport.com/track/heat/28476923,medium,beatport
sohail-manuel-ribeca-bus-down,· Sohail & Manuel Ribeca,Bus Down,1,DE1QW2627468,https://www.beatport.com/track/bus-down/28941350,high,beatport
solander-dutari-sexy-sound,· Solander & Dutari,Sexy Sound,1,,,low,no-match
soundtexx-hey-baby,· Soundtexx,Hey Baby,1,GXBNP2603413,https://www.beatport.com/track/hey-baby/29219485,high,beatport
t-sanz-whispers,· T-Sanz,Whispers,1,,,low,no-match
t-sanz-ko,· T-SANZ,KO,1,,,low,no-match
t-sanz-delatorre-crazy-sax,· T-Sanz & Delatorre,Crazy Sax,1,,,low,no-match
t-white-green-light,· T-White,Green Light,1,GBKQU2674156,https://www.beatport.com/track/green-light/29657988,high,beatport
taranco-get-down-for-this,· Taranco,Get Down For This,1,,,low,no-match
taranco-see-you,· Taranco,See You,1,USLZJ2696041,https://www.beatport.com/track/see-you/28316168,high,beatport
tiago-borges-mendoza-pretty-girls,· Tiago Borges & Mendoza,Pretty Girls,1,GXBNP2625321,https://www.beatport.com/track/pretty-girls/30079780,high,beatport
tony-romera-cyava-este-mambo,· Tony Romera & Cyava,Este Mambo,1,QM6N22647688,https://www.beatport.com/track/este-mambo/28486653,high,beatport
twolate-rebola-dddancos-remix,· Twolate,Rebola (Dddancos Remix),1,DE1QW2614187,https://www.beatport.com/track/rebola/26924676,high,beatport
vito-uk-dany-gomez-loca,· VITO (UK) & Dany Gomez,Loca,1,QM6P42670058,https://www.beatport.com/track/loca/29190807,medium,beatport
zitty-br-dat-vibe,· zitty (BR),Dat Vibe,1,,,low,no-match
j-entends-dans-ta-creation-l-expression-oui-je-joue-oui-je-joue-c-est-cool,""" J'entends dans ta création l'expression :","Oui je joue, oui je joue... C'est cool !""",1,,,low,no-match
aow-afrojack-sia-david-guetta-awake-tonight,"(AOW) AFROJACK, Sia, David Guetta",Awake Tonight,1,NLZ542600152,https://www.beatport.com/track/awake-tonight/28298406,high,beatport
aow-alesso-get-your-groove-on,(AOW) Alesso,Get Your Groove On,1,BE5KW2601233,https://www.beatport.com/track/get-your-groove-on/30172322,high,beatport
aow-alesso-x-one-republic-in-your-eyes,(AOW) Alesso x One Republic,In Your Eyes,1,USUG12604531,https://www.beatport.com/track/in-your-eyes/29213072,high,beatport
aow-armand-van-helden-raphi-george-reid-this-ain-t-love,"(AOW) Armand Van Helden, Raphi, George Reid",This Ain't Love,1,,,low,no-match
aow-armin-van-buuren-silver-panda-here-in-my-arms-enjoy-the-silence,(AOW) Armin van Buuren & Silver Panda,Here In My Arms (Enjoy The Silence),1,NLF712603792,https://www.beatport.com/track/here-in-my-arms-enjoy-the-silence/29469670,medium,beatport
aow-artbat-six40two-take-you-there,"(AOW) ARTBAT, SIX40TWO",Take You There,1,QT8JC2635382,https://www.beatport.com/track/take-you-there/29022309,high,beatport
aow-axwell-whatever-turns-you-on,(AOW) Axwell,Whatever Turns You On,1,GBKCF2600012,https://www.beatport.com/track/whatever-turns-you-on/29082923,high,beatport
aow-bolier-amrv-my-friend-blr-podium-mix,"(AOW) Bolier, AMRV",My Friend (BLR Podium Mix),1,,,low,no-match
aow-brooks-x-vikkstar-x-jex-call-my-bluff,(AOW) Brooks x Vikkstar x Jex,Call My Bluff,1,NLF712603790,https://www.beatport.com/track/call-my-bluff/29567603,high,beatport
aow-david-guetta-marten-horger-men-machine-engage-feat-vitalic,"(AOW) David Guetta & Marten Horger, Men Machine",Engage (feat. Vitalic),1,,,low,no-match
aow-fedde-le-grand-1-2-step,(AOW) Fedde Le Grand,"1, 2 Step",1,USZXT2658902,https://www.beatport.com/track/1-2-step/29500462,high,beatport
aow-meduza-ft-henry-camamile-don-92t-wanna-go-home,(AOW) MEDUZA ft. Henry Camamile,Don\'92t Wanna Go Home,1,GBUM72601934,https://www.beatport.com/track/don-t-wanna-go-home/27183094,medium,beatport
aow-mike-williams-the-system,(AOW) Mike Williams,The System,1,NLAEK2600002,https://www.beatport.com/track/the-system/29673606,high,beatport
aow-morten-rotation,(AOW) MORTEN,Rotation,1,UKWLG2600023,https://www.beatport.com/track/rotation/24231018,high,beatport
aow-morten-malaa-shock-the-system,(AOW) MORTEN & Malaa,Shock The System,1,BE5KW2601038,https://www.beatport.com/track/shock-the-system/26883496,high,beatport
aow-nome-stay,(AOW) NOME.,Stay,1,NL4B62400016,https://www.beatport.com/track/stay/28772043,medium,beatport
aow-oliver-heldens-kryder-the-young-punx-aeiou,"(AOW) Oliver Heldens, Kryder, The Young Punx",AEIOU,1,QMBZ92642296,https://www.beatport.com/track/aeiou/29432673,high,beatport
aow-omnom-sven-lochenhoer-watch-where-you-walk-sidewalk-talk,"(AOW) OMNOM, Sven Lochenhoer",Watch Where You Walk (Sidewalk Talk),1,QM24S2602772,https://www.beatport.com/track/watch-where-you-walk-sidewalk-talk/29148858,medium,beatport
aow-parisi-fred-again-feat-eyelar-this-is-real-disappear,(AOW) PARISI & Fred again.. feat Eyelar,This is Real (Disappear),1,GBAHT2600126,https://www.beatport.com/track/this-is-real-disappear-feat-fred-again/26851627,medium,beatport
aow-sick-individuals-sunrise,(AOW) Sick Individuals,Sunrise,1,BE5KW2601089,https://www.beatport.com/track/sunrise/27793580,high,beatport
aow-sick-individuals-afrojack-the-last-time,(AOW) Sick Individuals & Afrojack,The Last Time,1,QZTGW2603620,https://www.beatport.com/track/the-last-time/29230296,high,beatport
aow-swedish-house-mafia-lykke-li-happiness-is-so-sad,"(AOW) Swedish House Mafia, Lykke Li",Happiness Is So Sad,1,CBEFB2604925,https://www.beatport.com/track/happiness-is-so-sad/29976864,high,beatport
aow-vion-konger-in-my-mind,(AOW) Vion Konger,In My Mind,1,BEIW12600208,https://www.beatport.com/track/in-my-mind/28539522,high,beatport
aow-vluarr-steppin,(AOW) Vluarr,Steppin',1,NLM5S2602836,https://www.beatport.com/track/steppin/29497311,high,beatport
ep-afrojack-lucas-steve-control,"(EP) Afrojack, Lucas & Steve",Control,1,GXFCP2600065,https://www.beatport.com/track/control/26786218,medium,beatport
ep-lucas-steve-all-i-know,(EP) Lucas & Steve,All I Know,1,NLZ542600332,https://www.beatport.com/track/all-i-know/29644958,high,beatport
ep-lucas-steve-x-mike-bond-be-like-bob,(EP) Lucas & Steve x Mike Bond,Be Like Bob,1,BE5KW2601287,https://www.beatport.com/track/be-like-bob/30186950,high,beatport
sr-afrojack-monopoly-man,(SR) AFROJACK,Monopoly Man,1,GBKQU2681911,https://www.beatport.com/track/monopoly-man/29962411,high,beatport
sr-alok-rave-the-world-feat-jim-cummings,(SR) Alok,Rave The World (feat. Jim Cummings),1,BCCNG2600081,https://www.beatport.com/track/rave-the-world-feat-jim-cummings/29654082,medium,beatport
sr-becky-g-epa-don-diablo-remix,(SR) Becky G,EPA (Don Diablo Remix),1,USRC12601479,https://www.beatport.com/track/epa/29665550,medium,beatport
sr-benny-benassi-laherte-dead-limit,"(SR) Benny Benassi, Laherte",Dead Limit,1,USUS12600072,https://www.beatport.com/track/dead-limit/26808255,high,beatport
sr-camelphat-josh-gigante-feat-kuuda-so-good,"(SR) CamelPhat, Josh Gigante feat.Kuuda",So Good,1,GXCM22600022,https://www.beatport.com/track/so-good-feat-kuuda/28913355,medium,beatport
sr-d-o-d-hayley-may-closure,(SR) D.O.D & Hayley May,Closure,1,NLF712602126,https://www.beatport.com/track/closure/28439111,high,beatport
sr-fedde-le-grand-monster,(SR) Fedde Le Grand,Monster,1,NLG3N2600011,https://www.beatport.com/track/monster/28989398,high,beatport
sr-fedde-le-grand-that-thing,(SR) Fedde Le Grand,That Thing,1,ZZA0Z2601747,https://www.beatport.com/track/that-thing/30033611,high,beatport
sr-fisher-x-florence-arman-what-a-life,(SR) FISHER x Florence Arman,What A Life,1,,,low,no-match
sr-james-hype-tita-lau-action-extended-mix-sterohype,(SR) James Hype & Tita Lau,Action (Extended Mix) - Sterohype,1,GXKXT2600320,https://www.beatport.com/track/action/29704776,medium,beatport
sr-joel-corry-whisper,(SR) Joel Corry,Whisper,1,NLZ542600321,https://www.beatport.com/track/whisper/29430712,high,beatport
sr-julian-jordan-in-my-system,(SR) Julian Jordan,In My System,1,NLM5S2602798,https://www.beatport.com/track/in-my-system/24504684,high,beatport
sr-julian-jordan-bad-b-tch,(SR) Julian Jordan,Bad B*tch,1,NLM5S2602839,https://www.beatport.com/track/bad-b-tch/29469778,high,beatport
sr-kream-the-answer,(SR) KREAM,The Answer,1,,,low,no-match
sr-kshmr-jason-ross-brieanna-grace-ultra-love,"(SR) KSHMR, Jason Ross, Brieanna Grace",Ultra Love,1,NLZ542600076,https://www.beatport.com/track/ultra-love/24468573,high,beatport
sr-matroda-can-t-help-myself,(SR) Matroda,Can't Help Myself,1,,,low,no-match
sr-meduza-rani-silence,(SR) Meduza & RANI,Silence,1,NL8RL2648361,https://www.beatport.com/track/silence/28903456,high,beatport
sr-morten-prophecy-suelta,"(SR) MORTEN, Prophecy",Suelta,1,UKWLG2600026,https://www.beatport.com/track/suelta/26848713,high,beatport
sr-odd-mob-walker-royce-can-t-say-nah-ft-benni-ola,(SR) Odd Mob & Walker & Royce,Can't Say Nah ft. Benni Ola,1,NL8RL2654594,https://www.beatport.com/track/can-t-say-nah/29056078,high,beatport
sr-r3hab-orem-watch-my-heart-go,"(SR) R3HAB, Orem",Watch my heart go...,1,AEA2D2600533,https://www.beatport.com/track/watch-my-heart-go/28668921,high,beatport
sr-stadiumx-puro,(SR) Stadiumx,Puro,1,NL1ZN2503800,https://www.beatport.com/track/puro/28096722,medium,beatport
sr-tiesto-olivia-sebastianelli-don-t-lose-your-head,"(SR) Tiësto, Olivia Sebastianelli",Don’t Lose Your Head,1,CYA112500035,https://www.beatport.com/track/don-t-lose-your-head/29078827,high,beatport
sr-tujamo-x-mashd-n-kutcher-move,(SR) Tujamo x Mashd N Kutcher,Move,1,,,low,no-match
monrhea-live-from-boiler-room-x-ballantine-s-true-music-studios-in-nairobi,[MONRHEA],live from Boiler Room x Ballantine's True Music Studios in Nairobi.,1,,,low,no-match
to-all-impatient-party-animals-this-master-piece-of-mix-starts-cool-but-rise-high-enjoy-the-progression-as-i-did,/! To all impatient party animals,this master piece of mix starts cool but rise high!!! Enjoy the progression as I did,1,,,low,no-match
nevve-fractures-trivecta-remix,& Nevve,Fractures (Trivecta Remix),1,TCADE1705927,https://www.beatport.com/track/fractures-feat-nevve/18612805,medium,beatport
the-martinez-brothers-blessed,& the Martinez Brothers,Blessed,1,CAT391800017,https://www.beatport.com/track/blessed/19189042,high,beatport
don-t-miss-ferry-corsten-version-of-the-mix-dropping-april-10-make-sure-to-pre-save-the-track-here-https-anjunabeats-co-attraction-gcn,"• Don’t miss Ferry Corsten version of the mix, dropping April 10",make sure to pre-save the track here: https://anjunabeats.co/attraction.GCN,1,GBEWA2600961,https://www.beatport.com/track/attraction/24445930,medium,beatport
18-marnik-x-ceres-eterna-melodia,`18. Marnik x CERES,Eterna Melodia,1,,,low,no-match
3-thanks-for-supporting-my-mind-transformation-greetings-from-argentina,<3 thanks for supporting My Mind,Transformation :) greetings from Argentina,1,,,low,no-match
digital-and-spirit-phantom-force-sprit-rmx,>> Digital and spirit,phantom force (sprit rmx),1,GBVD61500005,https://www.beatport.com/track/phantom-force/8300052,medium,beatport
ed-rush-optical-medicine-matrix-rmx,>> ed rush & optical,medicine (matrix rmx),1,GBTKW1703602,https://www.beatport.com/track/medicine-matrix-remix/9963986,medium,beatport
ez-rollers-ready-for-love-clipz-rmx,>> EZ rollers,ready for love (clipz rmx),1,GBCEQ1210487,https://www.beatport.com/track/ready-for-love/4018161,medium,beatport
noisia-diplodocus-quarantine,>> Noisia,Diplodocus (Quarantine),1,NLCK41000164,https://www.beatport.com/track/diplodocus/6363208,medium,beatport
sta-paul-b-da-lick-dooms-night-rmx,>> Sta & Paul B,Da lick (dooms night rmx),1,,,low,no-match
the-kox-its-ok-cia,>> The Kox,Its ok (CIA),1,,,low,no-match
total-science-can-opener,>> Total Science,can opener,1,,,low,no-match
xample-contra-ft-lomax-ram,>> Xample,contra ft lomax (Ram),1,GBBZH0907501,https://www.beatport.com/track/contra/22992641,medium,beatport
die-clear-skyz-break-rmx-clear-skyz,>>Die,Clear Skyz Break rmx (Clear skyz),1,USA2P1887744,https://www.beatport.com/track/clear-skyz/11196619,medium,beatport
special-moment-the-winner-of-ferry-s-trance-dj-masterclass-is-announced-congratulations-to-adrian-wojtas,✨ Special Moment: The winner of Ferry’s Trance DJ Masterclass is announced,congratulations to Adrian Wojtas!,1,,,low,no-match
sometimes-thks-to-allow-aller-beste-e,❤️ ..sometimes🙃,"thks to allow. Aller beste, E.🐵🎚️🔊🔊",1,,,low,no-match
danke-auch-fur-gestern-6-6-26-fly-with-me-flughafen-leipzig-halle-es-war-sooooo-magic,❤️‍🔥❤️‍🔥❤️‍🔥 Danke auch für gestern 6.6.26 🛫🚀 Fly with me,Flughafen Leipzig/Halle 👌 Es war sooooo Magic 🪄✨✨✨💫,1,,,low,no-match
resonation-radio-266-new-year-s-special,🎉 Resonation Radio #266,New Year’s Special 🎉,1,,,low,no-match
sit-back-relax-and-enjoy-the-journey-wherever-you-are,"🎧 Sit back, relax, and enjoy the journey",wherever you are.,1,,,low,no-match
i-ll-be-reaching-out-to-you-for-f1-weekend-vegas,🏎️🏎️ I’ll be reaching out to you for F1 weekend,Vegas,1,,,low,no-match
earths-best-dj,🐐,Earths best DJ,1,,,low,no-match
track-id-simon-kidzoo-sonita-out-june-6,👀 Track id: Simon Kidzoo,Sonita (out june 6),1,GBKQU2540863,https://www.beatport.com/track/sonita/20457951,medium,beatport
ferry-corsten-feat-clairity-reanimate-ferry-corsten-reprint,🔥 Ferry Corsten feat. Clairity,Reanimate (Ferry Corsten Reprint) 🔥,1,NLE712500823,https://www.beatport.com/track/reanimate/29093227,medium,beatport
sinisa-tamamovic-evolution,🔥🌪 Sinisa Tamamovic,Evolution,1,DEPI82435309,https://www.beatport.com/track/evolution/19491321,high,beatport
orgasm-for-my-ears-thx,🤩‼️🙏  ORGASM FOR MY EARS,THX 🙏‼️🤩,1,,,low,no-match
spread-the-gospel-of-great-music-share-this-episode-with-your-crew-and-let-s-celebrate-the-power-of-worship-through-deep-house-together,🙏 Spread the gospel of great music,share this episode with your crew and let's celebrate the power of worship through deep house together!,1,,,low,no-match
0-00-great-opening-41-sam-paganini-rave-54-killer-outro-ancient-dream-zimmz,"0:00 :  🔥🔥🔥 Great opening  ---------41""","Sam Paganini - Rave ----- 54"" killer outro - Ancient Dream - Zimmz",1,,,low,no-match
00-00-05-30-makebo-gorje-hewek-na-zare-ft-pink-mario-original-mix-05-30-09-30-sis-tura-original-mix-09-30-13-25-tom-collins-el-mas-grande-amor-original-mix-13-25-18-30-super-flu-believe-extended-mix-18-30-24-00-empire-of-the-sun-we-are-the-people-baez-saint-remix-24-00-28-00-moeaike-alan-dixon-bo-bom-alan-dixon-remix-28-00-33-00-nana-tuffour-odo-kakra-sika-kakra-id-remix-33-00-36-40-id-36-40-41-20-milk-sugar-let-the-sun-shine-joezi-enzo-siffredi-extended-sunset-mix-41-20-45-00-maz-antdot-ginton-jolie-fille-feat-layefa-45-00-50-30-chuchelo-people-of-babylon-dsf-remix-50-30-56-00-venessa-jackson-feat-saint-evo-call-me-instrumental-56-30-59-10-antdot-maz-leticia-fialho-corpo-e-cancao-extended-mix-59-10-1-04-10-id,00:00,"05:30 : Makebo & Gorje Hewek - Na Zare (ft Pink Mario) (Original Mix) 05:30 - 09:30 : SIS - Tura (Original Mix) 09:30 - 13:25 : Tom & Collins - El Más Grande Amor (Original Mix) 13:25 - 18:30 : Super Flu - Believe (Extended Mix) 18:30 - 24:00 : Empire Of The Sun - We Are The People (Baez & Saint Remix) 24:00 - 28:00 : Moeaike, Alan Dixon - Bo Bom (Alan Dixon Remix) 28:00 - 33:00 : Nana Tuffour - Odo Kakra, Sika Kakra (ID REMIX) 33:00 - 36:40 : ID 36:40 - 41:20 : Milk & Sugar - Let the Sun Shine (Joezi & Enzo Siffredi Extended Sunset Mix) 41:20 - 45:00 : Maz, Antdot & Ginton - Jolie Fille (feat. Layefa) 45:00 - 50:30 : Chuchelo - People of Babylon (DSF Remix) 50:30 - 56:00 : Venessa Jackson feat. Saint Evo - Call Me (Instrumental) 56:30 - 59:10 : Antdot, Maz, Letícia Fialho - Corpo e Canção [Extended Mix] 59:10 - 1:04:10 : ID",1,,,low,no-match
01-andain-beautiful-things-heikki-l-darude-remix,1,Andain - Beautiful Things (Heikki L & Darude Remix),1,,,low,no-match
01-mariana-bo-ft-sapir-amar-lighthouse-extended-mix,1,Mariana BO Ft. Sapir Amar - Lighthouse (Extended Mix),1,,,low,no-match
01-00-vilchezz-calabria,01:00 / VILCHEZZ,CALABRIA,1,,,low,no-match
01-andre-pillar-feeling,01.Andre Pillar,Feeling,1,UKU932482058,https://www.beatport.com/track/feeling/19198202,high,beatport
02-atb-now-or-never,2,ATB - Now or Never,1,,,low,no-match
02-mariana-bo-tick-tock-mariana-bo-intro-edit,2,Mariana BO - Tick Tock (Mariana BO Intro Edit),1,,,low,no-match
02-peekaboo-aliens,02 PEEKABOO,Aliens,1,CA5KR1806851,https://www.beatport.com/track/aliens/10512287,high,beatport
03-wrechiski-jason-ross-atlas,3,Wrechiski & Jason Ross - Atlas,1,,,low,no-match
03-crossnaders-hotliner,3,Crossnaders - Hotliner,1,,,low,no-match
03-toadface-akamu-courage,03 Toadface & Akamu,Courage,1,CA5KR1829208,https://www.beatport.com/track/courage/17772685,high,beatport
03-31-the-kings-hall-brooklyn-ny,Mar-31,"The Kings Hall - Brooklyn, NY",1,,,low,no-match
04-cosmic-gate-am2pm,4,Cosmic Gate - am2pm,1,,,low,no-match
04-chocolate-puma-tommie-sunshine-scrub-the-ground-ft-dj-funk-extended-mix,4,Chocolate Puma & Tommie Sunshine - Scrub The Ground Ft. DJ Funk (Extended Mix),1,,,low,no-match
04-space-jesus-digital-ethos-this-is-a-signal,04 Space Jesus & Digital Ethos,This is a Signal,1,CA5KR1720030,https://www.beatport.com/track/this-is-a-signal/15754328,high,beatport
04-07-toybox-toronto-on,04-Jul,"Toybox - Toronto, ON",1,,,low,no-match
04-08-prysm-chicago-il,04-Aug,"Prysm - Chicago, IL",1,,,low,no-match
04-12-the-grand-boston-ma,04-Dec,"The Grand - Boston, MA",1,,,low,no-match
04-14-the-forum-columbus-oh,Apr-14,"The Forum - Columbus, OH",1,,,low,no-match
04-15-the-hideout-minneapolis-mn,Apr-15,"The Hideout - Minneapolis, MN",1,,,low,no-match
04-27-eos-lounge-santa-barbara-ca,Apr-27,"EOS Lounge - Santa Barbara, CA",1,,,low,no-match
04-28-sunbar-tempe-az,Apr-28,"Sunbar - Tempe, AZ",1,,,low,no-match
04-29-temple-denver-co,Apr-29,"Temple - Denver, CO",1,,,low,no-match
05-hellberg-age-of-innocence-hellberg-remix,5,Hellberg - Age of Innocence (Hellberg Remix),1,,,low,no-match
05-esseks-dead-wait,05 Esseks,Dead Wait,1,,,low,no-match
05-05-academy-los-angeles-ca,05-May,"Academy - Los Angeles, CA",1,,,low,no-match
05-06-nova-sd-san-diego-ca,05-Jun,"Nova SD - San Diego, CA",1,,,low,no-match
05-07-the-midway-patio-san-francisco-ca,05-Jul,"The Midway Patio - San Francisco, CA",1,,,low,no-match
05-12-celine-live-orlando-fl,05-Dec,"Celine Live! - Orlando, FL",1,,,low,no-match
05-13-summit-austin-tx,May-13,"Summit - Austin, TX",1,,,low,no-match
06-kyler-england-thomas-hayes-golden,6,"Kyler England, Thomas Hayes - Golden",1,,,low,no-match
06-hey-boy-hey-girl-kaaze-unofficial-remix,6,Hey Boy Hey Girl (Kaaze Unofficial Remix),1,,,low,no-match
06-peekaboo-arrival,06 PEEKABOO,Arrival,1,CA5KR1806852,https://www.beatport.com/track/arrival/10512288,high,beatport
07-atb-raging-bull,7,ATB - Raging Bull,1,,,low,no-match
07-mariana-bo-antonio-extended-mix,7,Mariana BO - Antonio (Extended Mix),1,,,low,no-match
07-gdubz-tripzy-leary-swept-up,07 GDubz & Tripzy Leary,Swept Up,1,,,low,no-match
08-all-these-wounds-original-mix,8,All These Wounds (Original Mix),1,,,low,no-match
09-lights-seven-lions-falling-away,9,"Lights, Seven Lions - Falling Away",1,,,low,no-match
09-kshmr-jdg-mariana-bo-kolkata,9,"KSHMR, JDG & Mariana BO - Kolkata",1,,,low,no-match
09-lsdream-godspeed,09 LSDREAM,Godspeed,1,CA5KR1811542,https://www.beatport.com/track/godspeed/17774149,high,beatport
0gravity-paul-miller-beyond-the-skyline-ava-white,0Gravity & Paul Miller,Beyond The Skyline [AVA White],1,NLD682601402,https://www.beatport.com/track/beyond-the-skyline/28911207,high,beatport
1-bountyhunter-dimitri-vegas-junkie-kid-woops-vs-fly-kicks-vs-voices-in-my-head-brandon-remix-wax-motif-edit,1,"Bountyhunter, Dimitri Vegas, Junkie Kid - Woops vs Fly Kicks vs Voices In My Head (Brandon remix) (Wax Motif edit)",1,,,low,no-match
1-malaa-wax-motif-otherside,1,Malaa & Wax Motif - Otherside,1,,,low,no-match
1-bad-girlz-hathor-she-is,"1		Bad Girlz",Hathor She Is,1,ITH642023165,https://www.beatport.com/track/hathor-she-is/14759224,high,beatport
1-cosmic-gate-christian-burns-brave-mozes-extended-remix-black-hole-recordings,"1	Cosmic Gate & Christian Burns",Brave (Mozes Extended Remix) Black Hole Recordings,1,NLE712400135,https://www.beatport.com/track/brave/18750423,medium,beatport
1-cuebrick-x-madism-fire-with-yves-v-extended-mix-the-circus-soave,"1	Cuebrick x Madism",Fire with Yves V (Extended Mix) The Circus / SOAVE,1,NLT2H2602292,https://www.beatport.com/track/fire-with-yves-v/28967180,medium,beatport
1-dazz-bl-official-all-the-things-make-me-lose-my-mind-extended-mix-dazz,"1	DAZZ, BL Official",All the Things (Make Me Lose My Mind) (Extended Mix) DAZZ,1,DE1QW2517364,https://www.beatport.com/track/all-the-things-make-me-lose-my-mind/22937812,medium,beatport
1-edx-innerglow-extended-mix-pinkstar,"1	EDX",Innerglow (Extended Mix) PinkStar,1,CH3132600187,https://www.beatport.com/track/innerglow/24019350,medium,beatport
1-jason-ross-william-black-ft-oaks-mirage-original-mix-lost-in-dreams,"1	Jason Ross, William Black ft. Oaks",Mirage (Original Mix) Lost In Dreams,1,CA5KR2645734,https://www.beatport.com/track/mirage/28354532,medium,beatport
1-johannson-waenda-extended-mix-groove-society-records,"1	JOHANNSON",Waenda (Extended Mix) Groove Society Records,1,BC7F22600028,https://www.beatport.com/track/waenda/24593616,medium,beatport
1-mohtiv-need-you-right-now-extended-municipal-recordings,"1	Mohtiv",Need You (Right Now) (Extended) Municipal Recordings,1,NL6WK2600623,https://www.beatport.com/track/need-you-right-now/28532141,medium,beatport
1-neimy-don-gianni-lo-how-it-feels-extended-mix,"1	NEIMY, Don Gianni, LO",How It Feels [Extended Mix],1,FR96X2553939,https://www.beatport.com/track/how-it-feels/20331618,high,beatport
1-nicky-romero-nervo-like-home-rafael-delucee-extended-remix-protocol-recordings,"1	Nicky Romero & NERVO",Like Home (Rafael Delucee Extended Remix) Protocol Recordings,1,NLUW22603063,https://www.beatport.com/track/like-home/29264305,medium,beatport
1-tungevaag-maria-mathea-we-got-the-love-extended-smash-the-house,"1	Tungevaag, Maria Mathea",We Got The Love (Extended) Smash The House,1,BEIW12600142,https://www.beatport.com/track/we-got-the-love/28310335,medium,beatport
1-veatz-hhmr-not-touching-the-ground-extended-mix-protocol-recordings,"1	VEATZ & HHMR",Not Touching The Ground (Extended Mix) Protocol Recordings,1,NLUW22603020,https://www.beatport.com/track/not-touching-the-ground/28294940,medium,beatport
1-axity-ivry-ft-ro-antidote-extended-mix-protocol-lab,1 Axity & IVRY ft. Ro,Antidote (Extended Mix) Protocol Lab,1,NLUW22603083,https://www.beatport.com/track/antidote/29631620,medium,beatport
1-federico-pedone-waterfall-extended-mix-interplay-records,1 Federico Pedone,Waterfall (Extended Mix) [Interplay Records],1,GBKQU2651503,https://www.beatport.com/track/waterfall/28912424,high,beatport
1-hour-38-wow,1 hour 38,wow!!!!! 😍👏🏻👏🏻,1,,,low,no-match
1-02-03-tyla-water-redondo-remix,01:02:03,Tyla - Water (Redondo Remix),1,,,low,no-match
1-12-20-john-summit-elderbrook-give-me-anything,01:12:20,John Summit & Elderbrook - Give Me Anything,1,,,low,no-match
1-14-11-bomb,01:14:11,bomb,1,,,low,no-match
10-wax-motif-something-more,10,Wax Motif - Something More,1,,,low,no-match
10-wax-motif-matroda-la-candela,10,Wax Motif & Matroda - La Candela,1,,,low,no-match
10-sunny-lax-enceladus-original-mix,10,Sunny Lax-Enceladus (Original Mix),1,,,low,no-match
10-step-ball-chain-hush-feat-noff,"10		Step Ball Chain",Hush feat. noff,1,,,low,no-match
10-burak-yeter-luca-testa-otherside-extended-mix-revealed-recordings,"10	Burak Yeter & Luca Testa",Otherside (Extended Mix) Revealed Recordings,1,,,low,no-match
10-cuebrick-diego-miranda-bigmoo-topgreat-ordinary-extended-mix-purple-fly-records,"10	Cuebrick, Diego Miranda, BIGMOO, TOPGREAT",Ordinary (EXTENDED MIX) Purple Fly Records,1,QM6P42619048,https://www.beatport.com/track/ordinary/28525951,medium,beatport
10-delacour-the-devils-hook-extended-mix-th3rdbrain,"10	DELACOUR",The Devils Hook (Extended Mix) TH3RDBRAIN,1,,,low,no-match
10-don-diablo-wiz-khalifa-christian-gate-go-home-with-a-stranger-extended-mix-hexagon-th3rd-brain,"10	Don Diablo, Wiz Khalifa, Christian Gate$",Go Home With A Stranger (Extended Mix) HEXAGON / TH3RD BRAIN,1,NL1ZN2503794,https://www.beatport.com/track/go-home-with-a-stranger/26891254,medium,beatport
10-going-deeper-x-byor-find-you-extended-mix-snippet-recordings,"10	Going Deeper x BYOR",Find You (Extended Mix) Snippet Recordings,1,GBKQU2614191,https://www.beatport.com/track/find-you/24219280,medium,beatport
10-icona-pop-dance-to-this-extended-mix-ultra-records,"10	Icona Pop",Dance To This (Extended Mix) Ultra Records,1,USUS12600185,https://www.beatport.com/track/dance-to-this/28788115,medium,beatport
10-jeno-wempe-contra-extended-mix-spinnin-records,"10	Jeno & Wempe",Contra (Extended Mix) Spinnin Records,1,NLZ542600218,https://www.beatport.com/track/contra/28783299,medium,beatport
10-kaleena-zanders-bipolar-sunshine-can-you-imagine-extended-mix-helix-records,"10	Kaleena Zanders & Bipolar Sunshine",Can You Imagine (Extended Mix) Helix Records,1,,,low,no-match
10-pink-panda-featuring-emmy-little-talks-extended-mix-soave,"10	Pink Panda Featuring EMMY",Little Talks (Extended Mix) Soave,1,,,low,no-match
10-r3hab-izzy-bizu-if-i-could-stop-time-extended-mix-universal-music,"10	R3HAB, Izzy Bizu",If I could stop time... (Extended Mix) Universal Music,1,AEA2D2600539,https://www.beatport.com/track/if-i-could-stop-time/29307794,medium,beatport
10-skrillex-jonsi-look-at-you,10    ﻿﻿ Skrillex & Jónsi,LOOK AT YOU,1,USAT22502143,https://www.beatport.com/track/look-at-you/20334356,high,beatport
10-bruno-martini-schillist-chasing-extended-mix-future-house-music,10 Bruno Martini & Schillist,Chasing (Extended Mix) [Future House Music],1,GBKQU2677319,https://www.beatport.com/track/chasing/29754097,high,beatport
10-champagne-drip-axis-mundi,10 Champagne Drip,Axis Mundi,1,CA5KR1823551,https://www.beatport.com/track/axis-mundi/10843637,high,beatport
10-mathame-feat-bonn-follow-extended-mix-neo-mathame,10 Mathame feat. Bonn,Follow (Extended Mix) NEO / MATHAME,1,QMBZ92684574,https://www.beatport.com/track/follow/29632120,medium,beatport
10-50eurthmics-sweet-dreams-marten-horger-remix,10:50eurthmics,sweet dreams marten horger remix,1,,,low,no-match
11-wax-motif-vs-inndrive-guastavo-mota-time-vs-fly-kicks,11,"Wax Motif vs Inndrive, Guastavo Mota - Time vs Fly Kicks",1,,,low,no-match
11-antss-cp-s-special-ingredient,11,Antss - CP's Special Ingredient,1,,,low,no-match
11-rank-1-airwave-21th-century-mix,11,Rank 1 - Airwave (21th Century Mix),1,,,low,no-match
11-dj-snake-propaganda-gammer-x-kayzo-edit,11,DJ Snake - Propaganda (Gammer X Kayzo Edit),1,,,low,no-match
11-munsinger-lay-down,"11		Munsinger",Lay Down,1,,,low,no-match
11-blr-amber-revival-cause-you-re-mine-extended-mix-musical-freedom,"11	BLR & Amber Revival",Cause You're Mine (Extended Mix) Musical Freedom,1,NLZ542600155,https://www.beatport.com/track/cause-you-re-mine/28394772,medium,beatport
11-dyro-we-come-as-one-extended-mix-revealed-recordings,"11	Dyro",We Come As One (Extended Mix) Revealed Recordings,1,NL8RL2621982,https://www.beatport.com/track/we-come-as-one/26779944,medium,beatport
11-eleganto-lefris-lay-extended-mix-future-house-music,"11	Eleganto & Lefris",Lay (Extended Mix) Future House Music,1,,,low,no-match
11-faithless-insomnia-blr-remix-independent,"11	Faithless",insomnia (BLR Remix) Independent,1,GBBXH9820028,https://www.beatport.com/track/insomnia/7089775,medium,beatport
11-james-carter-borderline-extended-mix-smash-the-house,"11	James Carter",Borderline (Extended Mix) Smash The House,1,BEIW12600011,https://www.beatport.com/track/borderline/23325544,medium,beatport
11-kaskade-layton-giordani-natalie-jane-meet-again-extended-mix-insomniac,"11	Kaskade, Layton Giordani, Natalie Jane",Meet Again (Extended Mix) Insomniac,1,NL8RL2641446,https://www.beatport.com/track/meet-again/28683674,medium,beatport
